{
    "DNDConfig": null,
    "_height_": {
        "type": "string",
        "value": "31dp"
    },
    "_left_": {
        "type": "string",
        "value": "73dp"
    },
    "_margin_": [
        0,
        0,
        0,
        0
    ],
    "_orientation_": 6,
    "_padding_": [
        0,
        0,
        0,
        0
    ],
    "_percent_": true,
    "_skin_": "s742cc07b64247898c978a4769ec188e",
    "_top_": {
        "type": "string",
        "value": "0dp"
    },
    "_width_": {
        "type": "string",
        "value": "18.37%"
    },
    "allboxes": [],
    "autogrowmode": 0,
    "canUpdateUI": true,
    "children": [
        "CopyImage0e5482903279943"
    ],
    "clipbounds": false,
    "containerweight": 100,
    "enablescrolling": true,
    "id": "CopyFlexContainer0a8dfecedd00b48",
    "info": null,
    "iscustomlayout": false,
    "isvisible": true,
    "kuid": "h8255ad7749f40859b4a5bef662ec05d",
    "layouttype": 2,
    "name": "kony.ui.FlexContainer",
    "parent": "flxSocialMedia",
    "pf": "userwidgetmodel",
    "retaincontentalignment": false,
    "retainflexpositionproperties": false,
    "retainflowhorizontalalignment": false,
    "snapgridsize": 10,
    "snaptogrid": true,
    "wType": "FlexContainer",
    "widgetalignment": 1,
    "zindex": 1
}