{
    "DNDConfig": null,
    "_height_": {
        "type": "string",
        "value": "40dp"
    },
    "_left_": {
        "type": "string",
        "value": "25%"
    },
    "_margin_": [
        0,
        0,
        0,
        0
    ],
    "_orientation_": 6,
    "_padding_": [
        0,
        0,
        0,
        0
    ],
    "_percent_": true,
    "_skin_": "s4647b542bed4c51aac52ee23d098be4",
    "_top_": {
        "type": "string",
        "value": "60dp"
    },
    "_width_": {
        "type": "string",
        "value": "56.80%"
    },
    "allboxes": [],
    "autogrowmode": 0,
    "canUpdateUI": true,
    "children": [
        "Image0a2801436432e42",
        "Label0g6dff7379a0b47",
        "CopyLabel0d96e4ab44cf540"
    ],
    "clipbounds": false,
    "containerweight": 100,
    "enablescrolling": true,
    "id": "flxCompanyName",
    "info": null,
    "iscustomlayout": false,
    "isvisible": true,
    "kuid": "d9bf3b59bb3743948b485a9134d62562",
    "layouttype": 2,
    "name": "kony.ui.FlexContainer",
    "parent": "Footerr",
    "pf": "userwidgetmodel",
    "retaincontentalignment": false,
    "retainflexpositionproperties": false,
    "retainflowhorizontalalignment": false,
    "snapgridsize": 10,
    "snaptogrid": true,
    "wType": "FlexContainer",
    "widgetalignment": 1,
    "zindex": 1
}