{
    "DNDConfig": null,
    "_height_": {
        "type": "string",
        "value": "33%"
    },
    "_left_": {
        "type": "string",
        "value": "0%"
    },
    "_margin_": [
        0,
        0,
        0,
        0
    ],
    "_orientation_": 6,
    "_padding_": [
        0,
        0,
        0,
        0
    ],
    "_percent_": true,
    "_skin_": "sd36b2a43d2c4c838da993bafb4f4433",
    "_top_": {
        "type": "string",
        "value": "101dp"
    },
    "_width_": {
        "type": "string",
        "value": "100%"
    },
    "allboxes": [],
    "autogrowmode": 0,
    "canUpdateUI": true,
    "children": [
        "lblCompanyMail",
        "lblCallcenter",
        "lblAllRights"
    ],
    "clipbounds": false,
    "containerweight": 100,
    "enablescrolling": true,
    "id": "flxContact",
    "info": null,
    "iscustomlayout": false,
    "isvisible": true,
    "kuid": "d028d9f01a574d84865d151f813d8a36",
    "layouttype": 2,
    "name": "kony.ui.FlexContainer",
    "parent": "Footerr",
    "pf": "userwidgetmodel",
    "retaincontentalignment": false,
    "retainflexpositionproperties": false,
    "retainflowhorizontalalignment": false,
    "snapgridsize": 10,
    "snaptogrid": true,
    "wType": "FlexContainer",
    "widgetalignment": 1,
    "zindex": 1
}