{
    "DNDConfig": null,
    "_height_": {
        "type": "string",
        "value": "34dp"
    },
    "_left_": {
        "type": "string",
        "value": "17dp"
    },
    "_margin_": [
        0,
        0,
        0,
        0
    ],
    "_orientation_": 6,
    "_padding_": [
        0,
        0,
        0,
        0
    ],
    "_percent_": true,
    "_skin_": "s1667180634d4994aa7678b54f08ea21",
    "_top_": {
        "type": "string",
        "value": "26dp"
    },
    "_width_": {
        "type": "string",
        "value": "45.06%"
    },
    "allboxes": [],
    "autogrowmode": 0,
    "canUpdateUI": true,
    "children": [
        "CopyFlexContainer0eba0ddb376154e",
        "CopyFlexContainer0a8dfecedd00b48",
        "CopyFlexContainer0e0af5ff53c824a",
        "CopyFlexContainer0h39fa03392594c"
    ],
    "clipbounds": false,
    "containerweight": 100,
    "enablescrolling": true,
    "id": "flxSocialMedia",
    "info": null,
    "iscustomlayout": false,
    "isvisible": true,
    "kuid": "f2a9f2922d734ad58813e0f08d5b17ad",
    "layouttype": 2,
    "name": "kony.ui.FlexContainer",
    "parent": "Footerr",
    "pf": "userwidgetmodel",
    "retaincontentalignment": false,
    "retainflexpositionproperties": false,
    "retainflowhorizontalalignment": false,
    "snapgridsize": 10,
    "snaptogrid": true,
    "wType": "FlexContainer",
    "widgetalignment": 1,
    "zindex": 1
}