{
    "@class": "com.kony.gen.viz.model.component.KVizButton",
    "DNDConfig": null,
    "_height_": {
        "type": "string",
        "value": "45%"
    },
    "_left_": {
        "type": "string",
        "value": "75%"
    },
    "_margin_": [
        6,
        6,
        6,
        6
    ],
    "_padding_": [
        0,
        0,
        0,
        0
    ],
    "_skin_": "sd49b8b392ed46189d3b5030934046df",
    "_text_": "عربي",
    "_top_": {
        "type": "string",
        "value": "23dp"
    },
    "_width_": {
        "type": "string",
        "value": "20%"
    },
    "canUpdateUI": true,
    "containerweight": 100,
    "contentalignment": 5,
    "displaytext": true,
    "focusskin": "s98101218a994ab491107a221de22c36",
    "id": "btnChangeLang",
    "ide_onClick": "AS_Button_g1569ac3668b4c97ac924756eac697bf",
    "info": null,
    "iscustomlayout": false,
    "isvisible": true,
    "kuid": "a53ec3cc50cb4dee8897ba631c4e7311",
    "name": "kony.ui.Button",
    "parent": "flxLogin",
    "pf": "userwidgetmodel",
    "retaincontentalignment": false,
    "retainflexpositionproperties": false,
    "texti18n": "Eng",
    "wType": "Button",
    "zindex": 1
}