{
    "@class": "com.kony.gen.viz.model.component.KVizButton",
    "DNDConfig": null,
    "_height_": {
        "type": "string",
        "value": "50%"
    },
    "_left_": {
        "type": "string",
        "value": "3%"
    },
    "_margin_": [
        6,
        6,
        6,
        6
    ],
    "_padding_": [
        0,
        0,
        0,
        0
    ],
    "_skin_": "se8f2c9d822b499ea63c2479f66fdfde",
    "_text_": "LogOut",
    "_top_": {
        "type": "string",
        "value": "23dp"
    },
    "_width_": {
        "type": "string",
        "value": "28%"
    },
    "canUpdateUI": true,
    "containerweight": 100,
    "contentalignment": 5,
    "displaytext": true,
    "focusskin": "se1c8a03f46942b1aba73a3d55fe9cbd",
    "id": "btnLogout",
    "ide_onClick": "AS_Button_b92275a616c9494e82aadadb211e7b55",
    "info": null,
    "iscustomlayout": false,
    "isvisible": false,
    "kuid": "af2c2f73d65e4179977394c2ac1a1af5",
    "name": "kony.ui.Button",
    "parent": "flxLogin",
    "pf": "userwidgetmodel",
    "retaincontentalignment": false,
    "retainflexpositionproperties": false,
    "texti18n": "LogOut",
    "wType": "Button",
    "zindex": 1
}