{
    "@class": "com.kony.gen.viz.model.component.KVizButton",
    "DNDConfig": null,
    "_height_": {
        "type": "string",
        "value": "50%"
    },
    "_left_": {
        "type": "string",
        "value": "5.00%"
    },
    "_margin_": [
        6,
        6,
        6,
        6
    ],
    "_padding_": [
        0,
        0,
        0,
        0
    ],
    "_skin_": "se8f2c9d822b499ea63c2479f66fdfde",
    "_text_": "LogIn",
    "_top_": {
        "type": "string",
        "value": "23dp"
    },
    "_width_": {
        "type": "string",
        "value": "20%"
    },
    "canUpdateUI": true,
    "containerweight": 100,
    "contentalignment": 5,
    "displaytext": true,
    "focusskin": "se1c8a03f46942b1aba73a3d55fe9cbd",
    "id": "btnLogin",
    "ide_onClick": "AS_Button_i9c5e1ff18fd4518b4ef820caf848fb5",
    "info": null,
    "iscustomlayout": false,
    "isvisible": true,
    "kuid": "ffe90c37ca4e449c814b8d657fc28115",
    "name": "kony.ui.Button",
    "parent": "flxLogin",
    "pf": "userwidgetmodel",
    "retaincontentalignment": false,
    "retainflexpositionproperties": false,
    "texti18n": "LogIn",
    "wType": "Button",
    "zindex": 1
}