{
    "@class": "com.kony.gen.viz.model.component.KVizButton",
    "DNDConfig": null,
    "_height_": {
        "type": "string",
        "value": "50%"
    },
    "_left_": {
        "type": "string",
        "value": "36%"
    },
    "_margin_": [
        6,
        6,
        6,
        6
    ],
    "_padding_": [
        0,
        0,
        0,
        0
    ],
    "_skin_": "sc48294b9d834d319569d160ef752fd4",
    "_text_": "My Accout",
    "_top_": {
        "type": "string",
        "value": "23dp"
    },
    "_width_": {
        "type": "string",
        "value": "30%"
    },
    "canUpdateUI": true,
    "containerweight": 100,
    "contentalignment": 5,
    "displaytext": true,
    "focusskin": "s9aad624dab840289c155f859b6c0423",
    "id": "btnMyAccount",
    "ide_onClick": "AS_Button_d1599ca33e3f44ec8f1113c906bb9bfa",
    "info": null,
    "iscustomlayout": false,
    "isvisible": false,
    "kuid": "ce4b031bb775441f91e30eb9e1d82514",
    "name": "kony.ui.Button",
    "parent": "flxLogin",
    "pf": "userwidgetmodel",
    "retaincontentalignment": false,
    "retainflexpositionproperties": false,
    "texti18n": "My_Accout",
    "wType": "Button",
    "zindex": 1
}