{
    "@class": "com.kony.gen.viz.model.component.KVizButton",
    "DNDConfig": null,
    "_height_": {
        "type": "string",
        "value": "50%"
    },
    "_left_": {
        "type": "string",
        "value": "30%"
    },
    "_margin_": [
        6,
        6,
        6,
        6
    ],
    "_padding_": [
        0,
        0,
        0,
        0
    ],
    "_skin_": "sc48294b9d834d319569d160ef752fd4",
    "_text_": "Register Now",
    "_top_": {
        "type": "string",
        "value": "23dp"
    },
    "_width_": {
        "type": "string",
        "value": "40%"
    },
    "canUpdateUI": true,
    "containerweight": 100,
    "contentalignment": 5,
    "displaytext": true,
    "focusskin": "s9aad624dab840289c155f859b6c0423",
    "id": "btnRegistration",
    "ide_onClick": "AS_Button_g040b760831c4473ab503ee6b034b4fa",
    "info": null,
    "iscustomlayout": false,
    "isvisible": true,
    "kuid": "a5db1f33367c4db58447fddb30ec1f0a",
    "name": "kony.ui.Button",
    "parent": "flxLogin",
    "pf": "userwidgetmodel",
    "retaincontentalignment": false,
    "retainflexpositionproperties": false,
    "texti18n": "Register_Now",
    "wType": "Button",
    "zindex": 1
}