{
    "DNDConfig": null,
    "_height_": {
        "type": "string",
        "value": "60dp"
    },
    "_left_": {
        "type": "string",
        "value": "0%"
    },
    "_margin_": [
        0,
        0,
        0,
        0
    ],
    "_orientation_": 6,
    "_padding_": [
        0,
        0,
        0,
        0
    ],
    "_percent_": true,
    "_skin_": "s9a6ae9bb9294befa1e5add48c2d816e",
    "_top_": {
        "type": "string",
        "value": "0%"
    },
    "_width_": {
        "type": "string",
        "value": "100%"
    },
    "allboxes": [],
    "autogrowmode": 0,
    "canUpdateUI": true,
    "children": [
        "CopyimageRA0de291efb3aa046",
        "CopyLabel0a616eddc31e846",
        "CopyLabel0bb044ec3058541",
        "CopyimageRA0b5c33e808cff4e"
    ],
    "clipbounds": false,
    "containerweight": 100,
    "enablescrolling": true,
    "id": "CopyflxTittle0j295eccc0c8346",
    "info": null,
    "iscustomlayout": false,
    "isvisible": true,
    "kuid": "i60ba93e218f47e286afd579c9a1ab3c",
    "layouttype": 2,
    "name": "kony.ui.FlexContainer",
    "parent": "flxHamberger",
    "pf": "userwidgetmodel",
    "retaincontentalignment": false,
    "retainflexpositionproperties": false,
    "retainflowhorizontalalignment": false,
    "snapgridsize": 10,
    "snaptogrid": true,
    "wType": "FlexContainer",
    "widgetalignment": 1,
    "zindex": 1
}