{
    "@class": "com.kony.gen.viz.model.component.KVizImage2",
    "DNDConfig": null,
    "_base64_": null,
    "_height_": {
        "type": "string",
        "value": "36dp"
    },
    "_left_": {
        "type": "string",
        "value": "80.56%"
    },
    "_margin_": [
        0,
        0,
        0,
        0
    ],
    "_padding_": [
        0,
        0,
        0,
        0
    ],
    "_skin_": "sfc6e9bf56c94b16b0f6783407704d57",
    "_src_": "cross1.png",
    "_top_": {
        "type": "string",
        "value": "7dp"
    },
    "_width_": {
        "type": "string",
        "value": "50dp"
    },
    "canUpdateUI": true,
    "containerweight": 100,
    "id": "CopyimageRA0b5c33e808cff4e",
    "ide_onTouchEnd": "AS_Image_j2900d49ecdb42f487120cba0ef33da8",
    "imagescalemode": 0,
    "info": null,
    "iscustomlayout": false,
    "isvisible": true,
    "kuid": "c29e03a7736f4d31a0ba9f4a9dfa4f4d",
    "name": "kony.ui.Image2",
    "parent": "CopyflxTittle0j295eccc0c8346",
    "pf": "userwidgetmodel",
    "retaincontentalignment": false,
    "retainflexpositionproperties": false,
    "srcType": 1,
    "wType": "Image",
    "widgetalignment": 5,
    "zindex": 1
}