{
    "@class": "com.kony.gen.viz.model.component.KVizImage2",
    "DNDConfig": null,
    "_base64_": null,
    "_height_": {
        "type": "string",
        "value": "45dp"
    },
    "_left_": {
        "type": "string",
        "value": "77.82%"
    },
    "_margin_": [
        0,
        0,
        0,
        0
    ],
    "_padding_": [
        0,
        0,
        0,
        0
    ],
    "_skin_": "sfc6e9bf56c94b16b0f6783407704d57",
    "_src_": "menubar1.png",
    "_top_": {
        "type": "string",
        "value": "5dp"
    },
    "_width_": {
        "type": "string",
        "value": "67dp"
    },
    "canUpdateUI": true,
    "containerweight": 100,
    "id": "CopyimageRA0b12754ce40284b",
    "ide_onTouchEnd": "AS_Image_f677ee2c5e824f8ba2100f4372df21f8",
    "imagescalemode": 0,
    "info": null,
    "iscustomlayout": false,
    "isvisible": true,
    "kuid": "db4215575bf34fc68ec6c40e51cec0bd",
    "name": "kony.ui.Image2",
    "parent": "flxHeader",
    "pf": "userwidgetmodel",
    "retaincontentalignment": false,
    "retainflexpositionproperties": false,
    "srcType": 1,
    "wType": "Image",
    "widgetalignment": 5,
    "zindex": 1
}