{
    "@class": "com.kony.gen.viz.model.component.KVizImage2",
    "DNDConfig": null,
    "_base64_": null,
    "_height_": {
        "type": "string",
        "value": "56dp"
    },
    "_left_": {
        "type": "string",
        "value": "27%"
    },
    "_margin_": [
        0,
        0,
        0,
        0
    ],
    "_padding_": [
        0,
        0,
        0,
        0
    ],
    "_skin_": "sfc6e9bf56c94b16b0f6783407704d57",
    "_src_": "imglogo.png",
    "_top_": {
        "type": "string",
        "value": "0dp"
    },
    "_width_": {
        "type": "string",
        "value": "80dp"
    },
    "canUpdateUI": true,
    "containerweight": 100,
    "id": "CopyimageRA0de291efb3aa046",
    "imagescalemode": 0,
    "info": null,
    "iscustomlayout": false,
    "isvisible": true,
    "kuid": "f51042d7334b4a6c903c454f2d5658fb",
    "name": "kony.ui.Image2",
    "parent": "CopyflxTittle0j295eccc0c8346",
    "pf": "userwidgetmodel",
    "retaincontentalignment": false,
    "retainflexpositionproperties": false,
    "srcType": 1,
    "wType": "Image",
    "widgetalignment": 5,
    "zindex": 1
}