{
    "DNDConfig": null,
    "_height_": {
        "type": "string",
        "value": "16.60%"
    },
    "_left_": {
        "type": "string",
        "value": "0%"
    },
    "_margin_": [
        0,
        0,
        0,
        0
    ],
    "_orientation_": 6,
    "_padding_": [
        0,
        0,
        0,
        0
    ],
    "_percent_": true,
    "_skin_": "s53f0fe5de534ffab3515fb80b26b041",
    "_top_": {
        "type": "string",
        "value": "0%"
    },
    "_width_": {
        "type": "string",
        "value": "100%"
    },
    "allboxes": [],
    "autogrowmode": 0,
    "canUpdateUI": true,
    "children": [
        "lblHome"
    ],
    "clipbounds": false,
    "containerweight": 100,
    "enablescrolling": true,
    "id": "flx1",
    "ide_onTouchEnd": "AS_FlexContainer_c285f447fba6431ba08954fc5cffb224",
    "info": null,
    "iscustomlayout": false,
    "isvisible": true,
    "kuid": "ja02bddf3f7d4e599c0d0792b473bdc5",
    "layouttype": 2,
    "name": "kony.ui.FlexContainer",
    "parent": "flxMenu",
    "pf": "userwidgetmodel",
    "retaincontentalignment": false,
    "retainflexpositionproperties": false,
    "retainflowhorizontalalignment": false,
    "snapgridsize": 10,
    "snaptogrid": true,
    "wType": "FlexContainer",
    "widgetalignment": 1,
    "zindex": 1
}