{
    "DNDConfig": null,
    "_height_": {
        "type": "string",
        "value": "16.60%"
    },
    "_left_": {
        "type": "string",
        "value": "0%"
    },
    "_margin_": [
        0,
        0,
        0,
        0
    ],
    "_orientation_": 6,
    "_padding_": [
        0,
        0,
        0,
        0
    ],
    "_percent_": true,
    "_skin_": "sdb99f2a0247476cbf6e8bd90fa8eae0",
    "_top_": {
        "type": "string",
        "value": "49.80%"
    },
    "_width_": {
        "type": "string",
        "value": "100%"
    },
    "allboxes": [],
    "autogrowmode": 0,
    "canUpdateUI": true,
    "children": [
        "lblAuctionGuide"
    ],
    "clipbounds": false,
    "containerweight": 100,
    "enablescrolling": true,
    "id": "flx4",
    "ide_onTouchEnd": "AS_FlexContainer_d11168405e6c430581e1f82b929e7878",
    "info": null,
    "iscustomlayout": false,
    "isvisible": true,
    "kuid": "f08375d3d68a4027a274a5e641629932",
    "layouttype": 2,
    "name": "kony.ui.FlexContainer",
    "parent": "flxMenu",
    "pf": "userwidgetmodel",
    "retaincontentalignment": false,
    "retainflexpositionproperties": false,
    "retainflowhorizontalalignment": false,
    "snapgridsize": 10,
    "snaptogrid": true,
    "wType": "FlexContainer",
    "widgetalignment": 1,
    "zindex": 1
}