{
    "DNDConfig": null,
    "_height_": {
        "type": "string",
        "value": "16.60%"
    },
    "_left_": {
        "type": "string",
        "value": "0%"
    },
    "_margin_": [
        0,
        0,
        0,
        0
    ],
    "_orientation_": 6,
    "_padding_": [
        0,
        0,
        0,
        0
    ],
    "_percent_": true,
    "_skin_": "s80cf1091d4141098bc84e3784814f14",
    "_top_": {
        "type": "string",
        "value": "83%"
    },
    "_width_": {
        "type": "string",
        "value": "100%"
    },
    "allboxes": [],
    "autogrowmode": 0,
    "canUpdateUI": true,
    "children": [
        "lblContactUs"
    ],
    "clipbounds": false,
    "containerweight": 100,
    "enablescrolling": true,
    "id": "flx6",
    "ide_onClick": "AS_FlexContainer_bba122f03d6b4db3817af544c3057504",
    "ide_onTouchEnd": "AS_FlexContainer_ja24bd78ad0a4462a3e9b9cad9985780",
    "info": null,
    "iscustomlayout": false,
    "isvisible": true,
    "kuid": "b82bbfde97914b50bbb1d42bd471dc4a",
    "layouttype": 2,
    "name": "kony.ui.FlexContainer",
    "parent": "flxMenu",
    "pf": "userwidgetmodel",
    "retaincontentalignment": false,
    "retainflexpositionproperties": false,
    "retainflowhorizontalalignment": false,
    "snapgridsize": 10,
    "snaptogrid": true,
    "wType": "FlexContainer",
    "widgetalignment": 1,
    "zindex": 1
}