{
    "DNDConfig": null,
    "_height_": {
        "type": "string",
        "value": "410dp"
    },
    "_left_": {
        "type": "string",
        "value": "390dp"
    },
    "_margin_": [
        0,
        0,
        0,
        0
    ],
    "_orientation_": 6,
    "_padding_": [
        0,
        0,
        0,
        0
    ],
    "_percent_": true,
    "_skin_": "s8a3e4b20dab45cdbe639d24116f2b6a",
    "_top_": {
        "type": "string",
        "value": "0%"
    },
    "_width_": {
        "type": "string",
        "value": "100%"
    },
    "allboxes": [],
    "autogrowmode": 0,
    "canUpdateUI": true,
    "children": [
        "CopyflxTittle0j295eccc0c8346",
        "flxLogin",
        "flxLogOut",
        "flxMenu"
    ],
    "clipbounds": false,
    "containerweight": 100,
    "enablescrolling": true,
    "id": "flxHamberger",
    "info": null,
    "iscustomlayout": false,
    "isvisible": true,
    "kuid": "jfbb4ee272af499ea9a31f42e34ea54c",
    "layouttype": 2,
    "name": "kony.ui.FlexContainer",
    "parent": "Head",
    "pf": "userwidgetmodel",
    "retaincontentalignment": false,
    "retainflexpositionproperties": false,
    "retainflowhorizontalalignment": false,
    "snapgridsize": 10,
    "snaptogrid": true,
    "wType": "FlexContainer",
    "widgetalignment": 1,
    "zindex": 1
}