{
    "DNDConfig": null,
    "_height_": {
        "type": "string",
        "value": "66%"
    },
    "_left_": {
        "type": "string",
        "value": "20%"
    },
    "_margin_": [
        0,
        0,
        0,
        0
    ],
    "_orientation_": 6,
    "_padding_": [
        0,
        0,
        0,
        0
    ],
    "_percent_": true,
    "_skin_": "se641335df2a47b89e95544bebb36032",
    "_top_": {
        "type": "string",
        "value": "60dp"
    },
    "_width_": {
        "type": "string",
        "value": "80%"
    },
    "allboxes": [],
    "autogrowmode": 0,
    "canUpdateUI": true,
    "children": [
        "flx1",
        "flx2",
        "flx3",
        "flx4",
        "flx5",
        "flx6"
    ],
    "clipbounds": false,
    "containerweight": 100,
    "enablescrolling": true,
    "id": "flxMenu",
    "info": null,
    "iscustomlayout": false,
    "isvisible": true,
    "kuid": "afce86dbe0994f609650b3cebbc00155",
    "layouttype": 2,
    "name": "kony.ui.FlexContainer",
    "parent": "flxHamberger",
    "pf": "userwidgetmodel",
    "retaincontentalignment": false,
    "retainflexpositionproperties": false,
    "retainflowhorizontalalignment": false,
    "snapgridsize": 10,
    "snaptogrid": true,
    "wType": "FlexContainer",
    "widgetalignment": 1,
    "zindex": 1
}