{
  "android": {
    "font_name": "default"
  },
  "androidwearos": {
    "font_name": "default"
  },
  "background_color": "00000000",
  "bg_type": "one",
  "border_color": "000000ff",
  "border_radius": 100,
  "border_style": "custom",
  "border_type": 0,
  "border_width": 1,
  "desktopweb": {
    "font_name": "Helvetica"
  },
  "ipad": {
    "font_name": "System"
  },
  "iphone": {
    "font_name": "System"
  },
  "isDefaultSkin": false,
  "kiosk": {
    "font_name": "Helvetica"
  },
  "kuid": "s91e9146f3fe464c960ca3dc7bde2716",
  "nativemac": {
    "font_name": "Helvetica"
  },
  "nativewin": {
    "font_name": "Helvetica"
  },
  "spaan": {
    "font_name": "Helvetica"
  },
  "spaandroidtablet": {
    "font_name": "Helvetica"
  },
  "spaip": {
    "font_name": "Helvetica"
  },
  "spaipad": {
    "font_name": "Helvetica"
  },
  "spawindowstablet": {
    "font_name": "Helvetica"
  },
  "spawinphone8": {
    "font_name": "Helvetica"
  },
  "tabrcandroid": {
    "font_name": "default"
  },
  "wType": "FlexContainer",
  "watchos": {
    "font_name": "System"
  },
  "windows8": {
    "font_name": "None"
  },
  "winphone8": {
    "font_name": "None"
  }
}