{
  "android": {
    "font_name": "default",
    "font_size": 95,
    "isForked": false
  },
  "androidwearos": {
    "font_name": "default",
    "font_size": 95,
    "isForked": false
  },
  "background_color": "ffffffff",
  "bg_type": "one",
  "border_color": "333333ff",
  "border_style": "plain",
  "border_type": 0,
  "border_width": 1,
  "desktopweb": {
    "font_name": "Helvetica",
    "font_size": 95,
    "isForked": false
  },
  "fontSizeInPx": false,
  "font_color": "333333ff",
  "font_name": "iphoneSystem",
  "font_size": 95,
  "font_style": "normal",
  "font_weight": "400",
  "ipad": {
    "font_name": "System",
    "font_size": 95,
    "isForked": false
  },
  "iphone": {
    "font_name": "System",
    "font_size": 95,
    "isForked": false
  },
  "isDefaultSkin": false,
  "kiosk": {
    "font_name": "Helvetica",
    "font_size": 95,
    "isForked": false
  },
  "kuid": "s6135c23abc9415fa3d32ad3156cde8c",
  "nativemac": {
    "font_name": "Helvetica",
    "font_size": 95,
    "isForked": false
  },
  "nativewin": {
    "font_name": "Helvetica",
    "font_size": 95,
    "isForked": false
  },
  "spaan": {
    "font_name": "Helvetica",
    "font_size": 95,
    "isForked": false
  },
  "spaandroidtablet": {
    "font_name": "Helvetica",
    "font_size": 95,
    "isForked": false
  },
  "spaip": {
    "font_name": "Helvetica",
    "font_size": 95,
    "isForked": false
  },
  "spaipad": {
    "font_name": "Helvetica",
    "font_size": 95,
    "isForked": false
  },
  "spawindowstablet": {
    "font_name": "Helvetica",
    "font_size": 95,
    "isForked": false
  },
  "spawinphone8": {
    "font_name": "Helvetica",
    "font_size": 95,
    "isForked": false
  },
  "tabrcandroid": {
    "font_name": "default",
    "font_size": 95,
    "isForked": false
  },
  "wType": "ListBox",
  "watchos": {
    "font_name": "System",
    "font_size": 95,
    "isForked": false
  },
  "windows8": {
    "font_name": "None",
    "font_size": 95,
    "isForked": false
  },
  "winphone8": {
    "font_name": "None",
    "font_size": 95,
    "isForked": false
  }
}