{
  "android": {
    "font_name": "default",
    "font_size": 180,
    "isForked": false
  },
  "androidwearos": {
    "font_name": "default",
    "font_size": 180,
    "isForked": false
  },
  "background_color": "00000000",
  "bg_type": "one",
  "border_color": "ffffffff",
  "border_radius": 100,
  "border_style": "custom",
  "border_type": 0,
  "border_width": 1,
  "desktopweb": {
    "font_name": "Helvetica",
    "font_size": 180,
    "isForked": false
  },
  "fontSizeInPx": false,
  "font_color": "6d6875ff",
  "font_name": "iphoneSystem",
  "font_size": 180,
  "font_style": "normal",
  "font_weight": "400",
  "ipad": {
    "font_name": "System",
    "font_size": 180,
    "isForked": false
  },
  "iphone": {
    "font_name": "System",
    "font_size": 180,
    "isForked": false
  },
  "isDefaultSkin": false,
  "kiosk": {
    "font_name": "Helvetica",
    "font_size": 180,
    "isForked": false
  },
  "kuid": "s5e49e1c512443a18c3e259255a1c74f",
  "nativemac": {
    "font_name": "Helvetica",
    "font_size": 180,
    "isForked": false
  },
  "nativewin": {
    "font_name": "Helvetica",
    "font_size": 180,
    "isForked": false
  },
  "spaan": {
    "font_name": "Helvetica",
    "font_size": 180,
    "isForked": false
  },
  "spaandroidtablet": {
    "font_name": "Helvetica",
    "font_size": 180,
    "isForked": false
  },
  "spaip": {
    "font_name": "Helvetica",
    "font_size": 180,
    "isForked": false
  },
  "spaipad": {
    "font_name": "Helvetica",
    "font_size": 180,
    "isForked": false
  },
  "spawindowstablet": {
    "font_name": "Helvetica",
    "font_size": 180,
    "isForked": false
  },
  "spawinphone8": {
    "font_name": "Helvetica",
    "font_size": 180,
    "isForked": false
  },
  "tabrcandroid": {
    "font_name": "default",
    "font_size": 180,
    "isForked": false
  },
  "wType": "Label",
  "watchos": {
    "font_name": "System",
    "font_size": 180,
    "isForked": false
  },
  "windows8": {
    "font_name": "None",
    "font_size": 180,
    "isForked": false
  },
  "winphone8": {
    "font_name": "None",
    "font_size": 180,
    "isForked": false
  }
}