{
  "android": {
    "border_color": "000000ff",
    "border_style": "rc",
    "border_type": 0,
    "font_name": "default",
    "font_size": 120,
    "isForked": true,
    "text_shadow": {
      "br": 0,
      "color": "000000e5",
      "nm": 0,
      "x": 0,
      "y": 0
    }
  },
  "androidwearos": {
    "border_color": "000000ff",
    "border_style": "rc",
    "border_type": 0,
    "font_name": "default",
    "font_size": 120,
    "isForked": true,
    "text_shadow": {
      "br": 0,
      "color": "000000e5",
      "nm": 0,
      "x": 0,
      "y": 0
    }
  },
  "background_color": "ffffffff",
  "bg_type": "one",
  "border_color": "ffffffff",
  "border_radius": 10,
  "border_style": "custom",
  "border_type": 0,
  "border_width": 1,
  "desktopweb": {
    "bottom_left_border_color": "ffffffff",
    "bottom_left_border_radius": 10,
    "bottom_left_border_style": "rc",
    "bottom_left_border_width": 1,
    "bottom_right_border_color": "ffffffff",
    "bottom_right_border_radius": 10,
    "bottom_right_border_style": "rc",
    "bottom_right_border_width": 1,
    "font_name": "Helvetica",
    "font_size": 120,
    "isForked": true,
    "text_shadow": {
      "br": 0,
      "color": "000000e5",
      "nm": 0,
      "x": 0,
      "y": 0
    },
    "top_left_border_color": "ffffffff",
    "top_left_border_radius": 10,
    "top_left_border_style": "rc",
    "top_left_border_width": 1,
    "top_right_border_color": "ffffffff",
    "top_right_border_radius": 10,
    "top_right_border_style": "rc",
    "top_right_border_width": 1
  },
  "fontSizeInPx": false,
  "font_color": "ff0f0fff",
  "font_name": "iphoneSystem",
  "font_size": 150,
  "font_style": "normal",
  "font_weight": "400",
  "ipad": {
    "border_color": "000000ff",
    "border_style": "rc",
    "border_type": 0,
    "font_name": "System",
    "font_size": 120,
    "isForked": true,
    "text_shadow": {
      "br": 0,
      "color": "000000e5",
      "nm": 0,
      "x": 0,
      "y": 0
    }
  },
  "iphone": {
    "border_color": "000000ff",
    "border_style": "rc",
    "border_type": 0,
    "font_name": "System",
    "font_size": 120,
    "isForked": true,
    "text_shadow": {
      "br": 0,
      "color": "000000e5",
      "nm": 0,
      "x": 0,
      "y": 0
    }
  },
  "isDefaultSkin": false,
  "kiosk": {
    "border_color": "000000ff",
    "border_style": "rc",
    "border_type": 0,
    "font_name": "Helvetica",
    "font_size": 120,
    "isForked": true
  },
  "kuid": "s3c884850f554ac7a2ab5fdfadab9549",
  "nativemac": {
    "bottom_left_border_color": "ffffffff",
    "bottom_left_border_radius": 10,
    "bottom_left_border_style": "rc",
    "bottom_left_border_width": 1,
    "bottom_right_border_color": "ffffffff",
    "bottom_right_border_radius": 10,
    "bottom_right_border_style": "rc",
    "bottom_right_border_width": 1,
    "font_name": "Helvetica",
    "font_size": 120,
    "isForked": true,
    "text_shadow": {
      "br": 0,
      "color": "000000e5",
      "nm": 0,
      "x": 0,
      "y": 0
    },
    "top_left_border_color": "ffffffff",
    "top_left_border_radius": 10,
    "top_left_border_style": "rc",
    "top_left_border_width": 1,
    "top_right_border_color": "ffffffff",
    "top_right_border_radius": 10,
    "top_right_border_style": "rc",
    "top_right_border_width": 1
  },
  "nativewin": {
    "bottom_left_border_color": "ffffffff",
    "bottom_left_border_radius": 10,
    "bottom_left_border_style": "rc",
    "bottom_left_border_width": 1,
    "bottom_right_border_color": "ffffffff",
    "bottom_right_border_radius": 10,
    "bottom_right_border_style": "rc",
    "bottom_right_border_width": 1,
    "font_name": "Helvetica",
    "font_size": 120,
    "isForked": true,
    "text_shadow": {
      "br": 0,
      "color": "000000e5",
      "nm": 0,
      "x": 0,
      "y": 0
    },
    "top_left_border_color": "ffffffff",
    "top_left_border_radius": 10,
    "top_left_border_style": "rc",
    "top_left_border_width": 1,
    "top_right_border_color": "ffffffff",
    "top_right_border_radius": 10,
    "top_right_border_style": "rc",
    "top_right_border_width": 1
  },
  "spaan": {
    "bottom_left_border_color": "ffffffff",
    "bottom_left_border_radius": 10,
    "bottom_left_border_style": "rc",
    "bottom_left_border_width": 1,
    "bottom_right_border_color": "ffffffff",
    "bottom_right_border_radius": 10,
    "bottom_right_border_style": "rc",
    "bottom_right_border_width": 1,
    "font_name": "Helvetica",
    "font_size": 120,
    "isForked": true,
    "text_shadow": {
      "br": 0,
      "color": "000000e5",
      "nm": 0,
      "x": 0,
      "y": 0
    },
    "top_left_border_color": "ffffffff",
    "top_left_border_radius": 10,
    "top_left_border_style": "rc",
    "top_left_border_width": 1,
    "top_right_border_color": "ffffffff",
    "top_right_border_radius": 10,
    "top_right_border_style": "rc",
    "top_right_border_width": 1
  },
  "spaandroidtablet": {
    "bottom_left_border_color": "ffffffff",
    "bottom_left_border_radius": 10,
    "bottom_left_border_style": "rc",
    "bottom_left_border_width": 1,
    "bottom_right_border_color": "ffffffff",
    "bottom_right_border_radius": 10,
    "bottom_right_border_style": "rc",
    "bottom_right_border_width": 1,
    "font_name": "Helvetica",
    "font_size": 120,
    "isForked": true,
    "text_shadow": {
      "br": 0,
      "color": "000000e5",
      "nm": 0,
      "x": 0,
      "y": 0
    },
    "top_left_border_color": "ffffffff",
    "top_left_border_radius": 10,
    "top_left_border_style": "rc",
    "top_left_border_width": 1,
    "top_right_border_color": "ffffffff",
    "top_right_border_radius": 10,
    "top_right_border_style": "rc",
    "top_right_border_width": 1
  },
  "spaip": {
    "bottom_left_border_color": "ffffffff",
    "bottom_left_border_radius": 10,
    "bottom_left_border_style": "rc",
    "bottom_left_border_width": 1,
    "bottom_right_border_color": "ffffffff",
    "bottom_right_border_radius": 10,
    "bottom_right_border_style": "rc",
    "bottom_right_border_width": 1,
    "font_name": "Helvetica",
    "font_size": 120,
    "isForked": true,
    "text_shadow": {
      "br": 0,
      "color": "000000e5",
      "nm": 0,
      "x": 0,
      "y": 0
    },
    "top_left_border_color": "ffffffff",
    "top_left_border_radius": 10,
    "top_left_border_style": "rc",
    "top_left_border_width": 1,
    "top_right_border_color": "ffffffff",
    "top_right_border_radius": 10,
    "top_right_border_style": "rc",
    "top_right_border_width": 1
  },
  "spaipad": {
    "bottom_left_border_color": "ffffffff",
    "bottom_left_border_radius": 10,
    "bottom_left_border_style": "rc",
    "bottom_left_border_width": 1,
    "bottom_right_border_color": "ffffffff",
    "bottom_right_border_radius": 10,
    "bottom_right_border_style": "rc",
    "bottom_right_border_width": 1,
    "font_name": "Helvetica",
    "font_size": 120,
    "isForked": true,
    "text_shadow": {
      "br": 0,
      "color": "000000e5",
      "nm": 0,
      "x": 0,
      "y": 0
    },
    "top_left_border_color": "ffffffff",
    "top_left_border_radius": 10,
    "top_left_border_style": "rc",
    "top_left_border_width": 1,
    "top_right_border_color": "ffffffff",
    "top_right_border_radius": 10,
    "top_right_border_style": "rc",
    "top_right_border_width": 1
  },
  "spawindowstablet": {
    "bottom_left_border_color": "ffffffff",
    "bottom_left_border_radius": 10,
    "bottom_left_border_style": "rc",
    "bottom_left_border_width": 1,
    "bottom_right_border_color": "ffffffff",
    "bottom_right_border_radius": 10,
    "bottom_right_border_style": "rc",
    "bottom_right_border_width": 1,
    "font_name": "Helvetica",
    "font_size": 120,
    "isForked": true,
    "text_shadow": {
      "br": 0,
      "color": "000000e5",
      "nm": 0,
      "x": 0,
      "y": 0
    },
    "top_left_border_color": "ffffffff",
    "top_left_border_radius": 10,
    "top_left_border_style": "rc",
    "top_left_border_width": 1,
    "top_right_border_color": "ffffffff",
    "top_right_border_radius": 10,
    "top_right_border_style": "rc",
    "top_right_border_width": 1
  },
  "spawinphone8": {
    "bottom_left_border_color": "ffffffff",
    "bottom_left_border_radius": 10,
    "bottom_left_border_style": "rc",
    "bottom_left_border_width": 1,
    "bottom_right_border_color": "ffffffff",
    "bottom_right_border_radius": 10,
    "bottom_right_border_style": "rc",
    "bottom_right_border_width": 1,
    "font_name": "Helvetica",
    "font_size": 120,
    "isForked": true,
    "text_shadow": {
      "br": 0,
      "color": "000000e5",
      "nm": 0,
      "x": 0,
      "y": 0
    },
    "top_left_border_color": "ffffffff",
    "top_left_border_radius": 10,
    "top_left_border_style": "rc",
    "top_left_border_width": 1,
    "top_right_border_color": "ffffffff",
    "top_right_border_radius": 10,
    "top_right_border_style": "rc",
    "top_right_border_width": 1
  },
  "tabrcandroid": {
    "border_color": "000000ff",
    "border_style": "rc",
    "border_type": 0,
    "font_name": "default",
    "font_size": 120,
    "isForked": true,
    "text_shadow": {
      "br": 0,
      "color": "000000e5",
      "nm": 0,
      "x": 0,
      "y": 0
    }
  },
  "wType": "Button",
  "watchos": {
    "font_name": "System",
    "font_size": 120,
    "isForked": true
  },
  "windows8": {
    "border_color": "000000ff",
    "border_style": "rc",
    "border_type": 0,
    "font_name": "None",
    "font_size": 120,
    "isForked": true
  },
  "winphone8": {
    "border_color": "000000ff",
    "border_style": "rc",
    "border_type": 0,
    "font_name": "None",
    "font_size": 120,
    "isForked": true
  }
}