{
    "AS_Button_b92275a616c9494e82aadadb211e7b55": {
        "id": "AS_Button_b92275a616c9494e82aadadb211e7b55",
        "type": "ACTION_SEQUENCE",
        "params": [{
            "datatype": "collection",
            "name": "eventobject"
        }],
        "language": "js",
        "eventType": "onClick",
        "actions": [{
            "id": "_ide_onClick_a4d846ed1cad4953846fb87354105557",
            "type": "MOVE_ACTION",
            "itemType": "COMPONENT",
            "itemId": "userwidgetmodel",
            "widgetId": "flxHamberger",
            "itemKUID": "ufdcc780e11840179168099e012140d5",
            "widgetKUID": "jfbb4ee272af499ea9a31f42e34ea54c",
            "wType": "FlexContainer",
            "animationObject": {
                "left": "390dp",
                "anchorPoint": {},
                "stepConfig": {
                    "timingFunction": "kony.anim.EASE"
                }
            },
            "config": {
                "delay": "0",
                "iterationCount": 1,
                "fillMode": "voltmx.anim.FILL_MODE_FORWARDS",
                "duration": "250"
            },
            "start": "Immediately",
            "animationId": "MOVE_ACTION_b00abffef3fd4783b35036e4fbffb7de",
            "displayAnimationId": "MOVE_ACTION_b00abffef3fd4783b35036e4fbffb7de",
            "forkedPlatform": "all",
            "widgetPath": "this.view.flxHamberger"
        }, {
            "id": "ADD_SNIPPET_ide_onClick_g97a5e7a003b49089882907ae6744eb2",
            "type": "ADD_SNIPPET",
            "codeSnippet": "// this.view.flxHamberger.flxLogOut.setVisibility(false);\n// this.view.flxHamberger.flxLogin.setVisibility(true);\n\nthis.view.flxHamberger.flxLogin.btnLogin.setVisibility(true);\nthis.view.flxHamberger.flxLogin.btnLogout.setVisibility(false);\nthis.view.flxHamberger.flxLogin.btnMyAccount.setVisibility(false);\nthis.view.flxHamberger.flxLogin.btnRegistration.setVisibility(true);",
            "parentId": "_ide_onClick_a4d846ed1cad4953846fb87354105557",
            "callbackType": "Callback"
        }]
    }
}