{
    "AS_Button_g040b760831c4473ab503ee6b034b4fa": {
        "id": "AS_Button_g040b760831c4473ab503ee6b034b4fa",
        "type": "ACTION_SEQUENCE",
        "params": [{
            "datatype": "collection",
            "name": "eventobject"
        }],
        "language": "js",
        "eventType": "onClick",
        "actions": [{
            "id": "ADD_SNIPPET_ide_onClick_cb72e6e534ff4e91be271b7a3ab4cb6d",
            "type": "ADD_SNIPPET",
            "codeSnippet": "var ntf;\n\nif(kony.store.getItem(\"isLogin\") === \"Y\"){\n\n//    flxLogReg.btnLogin.text === \"Login\"){\nvoltmx.application.destroyForm(\"frmMyProfile\");\n ntf = new voltmx.mvc.Navigation(\"frmMyProfile\");\nntf.navigate();\n}\nelse\n{\n     kony.store.setItem(\"isLogin\", \"N\");\n  voltmx.application.destroyForm(\"frmIndividualReg\");\nntf = new voltmx.mvc.Navigation(\"frmIndividualReg\");\nntf.navigate();\n}\n\n\n\n\n\n// voltmx.application.destroyForm(\"frmIndividualReg\");\n// // Navigate to another form after successful registration\n//      var navigationManager = new voltmx.mvc.Navigation(\"frmIndividualReg\"); \n//      navigationManager.navigate(); // Navigate to frmIndividualReg form\n",
            "parentId": "MOVE_ACTION_d4bef6d745014521b0c46876b1371414",
            "callbackType": "Callback"
        }, {
            "id": "MOVE_ACTION_d4bef6d745014521b0c46876b1371414",
            "type": "MOVE_ACTION",
            "itemType": "COMPONENT",
            "itemId": "userwidgetmodel",
            "widgetId": "flxHamberger",
            "itemKUID": "ufdcc780e11840179168099e012140d5",
            "widgetKUID": "jfbb4ee272af499ea9a31f42e34ea54c",
            "wType": "FlexContainer",
            "animationObject": {
                "left": "390dp",
                "anchorPoint": {},
                "stepConfig": {
                    "timingFunction": "kony.anim.EASE"
                }
            },
            "config": {
                "delay": "0",
                "iterationCount": 1,
                "fillMode": "voltmx.anim.FILL_MODE_FORWARDS",
                "duration": "250"
            },
            "start": "Immediately",
            "animationId": "MOVE_ACTION_d4bef6d745014521b0c46876b1371414",
            "displayAnimationId": "MOVE_ACTION_d4bef6d745014521b0c46876b1371414",
            "forkedPlatform": "all",
            "widgetPath": "this.view.flxHamberger"
        }]
    }
}