{
    "AS_Button_i9c5e1ff18fd4518b4ef820caf848fb5": {
        "id": "AS_Button_i9c5e1ff18fd4518b4ef820caf848fb5",
        "type": "ACTION_SEQUENCE",
        "params": [{
            "datatype": "collection",
            "name": "eventobject"
        }],
        "language": "js",
        "eventType": "onClick",
        "actions": [{
            "id": "ADD_SNIPPET_ide_onClick_d4d0cbcc89e14a6ab6b01ee14b03861e",
            "type": "ADD_SNIPPET",
            "codeSnippet": "\nvar ntf;\n\nif(kony.store.getItem(\"isLogin\") !== \"Y\"){\n\n//    flxLogReg.btnLogin.text === \"Login\"){\nvoltmx.application.destroyForm(\"frmLogin\");\n ntf = new voltmx.mvc.Navigation(\"frmLogin\");\nntf.navigate();\n}\nelse\n{\n     kony.store.setItem(\"isLogin\", \"N\");\n  voltmx.application.destroyForm(\"frmHome\");\nntf = new voltmx.mvc.Navigation(\"frmHome\");\nntf.navigate();\n}\n",
            "parentId": "MOVE_ACTION_b00abffef3fd4783b35036e4fbffb7de",
            "callbackType": "Callback"
        }, {
            "id": "MOVE_ACTION_b00abffef3fd4783b35036e4fbffb7de",
            "type": "MOVE_ACTION",
            "itemType": "COMPONENT",
            "itemId": "userwidgetmodel",
            "widgetId": "flxHamberger",
            "itemKUID": "ufdcc780e11840179168099e012140d5",
            "widgetKUID": "jfbb4ee272af499ea9a31f42e34ea54c",
            "wType": "FlexContainer",
            "animationObject": {
                "left": "390dp",
                "anchorPoint": {},
                "stepConfig": {
                    "timingFunction": "kony.anim.EASE"
                }
            },
            "config": {
                "delay": "0",
                "iterationCount": 1,
                "fillMode": "voltmx.anim.FILL_MODE_FORWARDS",
                "duration": "250"
            },
            "start": "Immediately",
            "animationId": "MOVE_ACTION_b00abffef3fd4783b35036e4fbffb7de",
            "displayAnimationId": "MOVE_ACTION_b00abffef3fd4783b35036e4fbffb7de",
            "forkedPlatform": "all",
            "widgetPath": "this.view.flxHamberger"
        }]
    }
}