{
    "AS_Button_d1599ca33e3f44ec8f1113c906bb9bfa": {
        "id": "AS_Button_d1599ca33e3f44ec8f1113c906bb9bfa",
        "type": "ACTION_SEQUENCE",
        "params": [{
            "datatype": "collection",
            "name": "eventobject"
        }],
        "language": "js",
        "eventType": "onClick",
        "actions": [{
            "id": "_ide_onClick_e2576631114740e296816c6dcffa6d87",
            "type": "MOVE_ACTION",
            "itemType": "COMPONENT",
            "itemId": "userwidgetmodel",
            "widgetId": "flxHamberger",
            "itemKUID": "ufdcc780e11840179168099e012140d5",
            "widgetKUID": "jfbb4ee272af499ea9a31f42e34ea54c",
            "wType": "FlexContainer",
            "animationObject": {
                "left": "390dp",
                "anchorPoint": {},
                "stepConfig": {
                    "timingFunction": "kony.anim.EASE"
                }
            },
            "config": {
                "delay": "0",
                "iterationCount": 1,
                "fillMode": "voltmx.anim.FILL_MODE_FORWARDS",
                "duration": "250"
            },
            "start": "Immediately",
            "animationId": "MOVE_ACTION_d4bef6d745014521b0c46876b1371414",
            "displayAnimationId": "MOVE_ACTION_d4bef6d745014521b0c46876b1371414",
            "forkedPlatform": "all",
            "widgetPath": "this.view.flxHamberger"
        }, {
            "id": "ADD_SNIPPET_ide_onClick_bc3a7d3a88304fd4b195e6aa7098397d",
            "type": "ADD_SNIPPET",
            "codeSnippet": "voltmx.application.destroyForm(\"frmIndividualReg\");\n// Navigate to another form after successful registration\n     var navigationManager = new voltmx.mvc.Navigation(\"frmIndividualReg\"); \n     navigationManager.navigate(); // Navigate to frmIndividualReg form\n",
            "parentId": "_ide_onClick_e2576631114740e296816c6dcffa6d87",
            "callbackType": "Callback"
        }]
    }
}