{
    "AS_FlexContainer_ja24bd78ad0a4462a3e9b9cad9985780": {
        "id": "AS_FlexContainer_ja24bd78ad0a4462a3e9b9cad9985780",
        "type": "ACTION_SEQUENCE",
        "params": [{
            "datatype": "collection",
            "name": "eventobject"
        }, {
            "datatype": "string",
            "name": "x"
        }, {
            "datatype": "string",
            "name": "y"
        }],
        "contextObj": {
            "name": "userwidgetmodel",
            "type": "userwidgets",
            "KUID": "ufdcc780e11840179168099e012140d5"
        },
        "language": "js",
        "eventType": "onTouchEnd",
        "actions": [{
            "id": "ADD_SNIPPET_f9b8e6c70da34021a607d7f89ba0ed19",
            "type": "ADD_SNIPPET",
            "codeSnippet": "voltmx.application.destroyForm(\"frmContactUs\");\n// Navigate to another form after successful registration\n     var navigationManager = new voltmx.mvc.Navigation(\"frmContactUs\"); \n     navigationManager.navigate(); // Navigate to frmAboutCompany form\n",
            "parentId": "MOVE_ACTION_hedf6d39cecc40f08c180fe0173be485",
            "callbackType": "Callback"
        }, {
            "id": "MOVE_ACTION_hedf6d39cecc40f08c180fe0173be485",
            "type": "MOVE_ACTION",
            "itemType": "COMPONENT",
            "itemId": "userwidgetmodel",
            "widgetId": "flxHamberger",
            "itemKUID": "ufdcc780e11840179168099e012140d5",
            "widgetKUID": "jfbb4ee272af499ea9a31f42e34ea54c",
            "wType": "FlexContainer",
            "animationObject": {
                "left": "390dp",
                "anchorPoint": {},
                "stepConfig": {
                    "timingFunction": "kony.anim.EASE"
                }
            },
            "config": {
                "delay": "0",
                "iterationCount": 1,
                "fillMode": "voltmx.anim.FILL_MODE_FORWARDS",
                "duration": "250"
            },
            "start": "Immediately",
            "animationId": "MOVE_ACTION_hedf6d39cecc40f08c180fe0173be485",
            "displayAnimationId": "MOVE_ACTION_hedf6d39cecc40f08c180fe0173be485",
            "forkedPlatform": "all",
            "widgetPath": "this.view.flxHamberger"
        }]
    }
}