{
    "AS_FlexContainer_i8c12fdc08b04cb798ff7992171cc378": {
        "id": "AS_FlexContainer_i8c12fdc08b04cb798ff7992171cc378",
        "type": "ACTION_SEQUENCE",
        "params": [{
            "datatype": "collection",
            "name": "eventobject"
        }, {
            "datatype": "string",
            "name": "x"
        }, {
            "datatype": "string",
            "name": "y"
        }],
        "language": "js",
        "eventType": "onTouchEnd",
        "actions": [{
            "id": "ADD_SNIPPET_ide_onTouchEnd_facbc950ad6f436d97a5911aabe98045",
            "type": "ADD_SNIPPET",
            "codeSnippet": "voltmx.application.destroyForm(\"frmAboutCompany\");\n// Navigate to another form after successful registration\n     var navigationManager = new voltmx.mvc.Navigation(\"frmAboutCompany\"); \n     navigationManager.navigate(); // Navigate to frmAboutCompany form\n",
            "parentId": "MOVE_ACTION_e3b37dad7bb14bde947aa2b7496a731e",
            "callbackType": "Callback"
        }, {
            "id": "MOVE_ACTION_e3b37dad7bb14bde947aa2b7496a731e",
            "type": "MOVE_ACTION",
            "itemType": "COMPONENT",
            "itemId": "userwidgetmodel",
            "widgetId": "flxHamberger",
            "itemKUID": "ufdcc780e11840179168099e012140d5",
            "widgetKUID": "jfbb4ee272af499ea9a31f42e34ea54c",
            "wType": "FlexContainer",
            "animationObject": {
                "left": "390dp",
                "anchorPoint": {},
                "stepConfig": {
                    "timingFunction": "kony.anim.EASE"
                }
            },
            "config": {
                "delay": "0",
                "iterationCount": 1,
                "fillMode": "voltmx.anim.FILL_MODE_FORWARDS",
                "duration": "250"
            },
            "start": "Immediately",
            "animationId": "MOVE_ACTION_e3b37dad7bb14bde947aa2b7496a731e",
            "displayAnimationId": "MOVE_ACTION_e3b37dad7bb14bde947aa2b7496a731e",
            "forkedPlatform": "all",
            "widgetPath": "this.view.flxHamberger"
        }]
    }
}