{
    "AS_FlexContainer_d11168405e6c430581e1f82b929e7878": {
        "id": "AS_FlexContainer_d11168405e6c430581e1f82b929e7878",
        "type": "ACTION_SEQUENCE",
        "params": [{
            "datatype": "collection",
            "name": "eventobject"
        }, {
            "datatype": "string",
            "name": "x"
        }, {
            "datatype": "string",
            "name": "y"
        }],
        "language": "js",
        "eventType": "onTouchEnd",
        "actions": [{
            "id": "ADD_SNIPPET_ide_onTouchEnd_b6c2ddc2ec5640e0b9a7fa043f7e73be",
            "type": "ADD_SNIPPET",
            "codeSnippet": "voltmx.application.destroyForm(\"frmAuctionGuide\");\n// Navigate to another form after successful registration\n     var navigationManager = new voltmx.mvc.Navigation(\"frmAuctionGuide\"); \n     navigationManager.navigate(); // Navigate to frmAuctionGuide form\n",
            "parentId": "MOVE_ACTION_a1869cfad66b42d6977baa5113375fce",
            "callbackType": "Callback"
        }, {
            "id": "MOVE_ACTION_a1869cfad66b42d6977baa5113375fce",
            "type": "MOVE_ACTION",
            "itemType": "COMPONENT",
            "itemId": "userwidgetmodel",
            "widgetId": "flxHamberger",
            "itemKUID": "ufdcc780e11840179168099e012140d5",
            "widgetKUID": "jfbb4ee272af499ea9a31f42e34ea54c",
            "wType": "FlexContainer",
            "animationObject": {
                "left": "390dp",
                "anchorPoint": {},
                "stepConfig": {
                    "timingFunction": "kony.anim.EASE"
                }
            },
            "config": {
                "delay": "0",
                "iterationCount": 1,
                "fillMode": "voltmx.anim.FILL_MODE_FORWARDS",
                "duration": "250"
            },
            "start": "Immediately",
            "animationId": "MOVE_ACTION_a1869cfad66b42d6977baa5113375fce",
            "displayAnimationId": "MOVE_ACTION_a1869cfad66b42d6977baa5113375fce",
            "forkedPlatform": "all",
            "widgetPath": "this.view.flxHamberger"
        }]
    }
}