{
    "AS_FlexContainer_a7a0eff850064e31b8dac38c01f8f7e5": {
        "id": "AS_FlexContainer_a7a0eff850064e31b8dac38c01f8f7e5",
        "type": "ACTION_SEQUENCE",
        "params": [{
            "datatype": "collection",
            "name": "eventobject"
        }, {
            "datatype": "string",
            "name": "x"
        }, {
            "datatype": "string",
            "name": "y"
        }],
        "language": "js",
        "eventType": "onTouchEnd",
        "actions": [{
            "id": "ADD_SNIPPET_ide_onTouchEnd_cca6fd420402407d8eb437a2a0daf81d",
            "type": "ADD_SNIPPET",
            "codeSnippet": "voltmx.application.destroyForm(\"frmDirectSale\");\n// Navigate to another form after successful registration\n     var navigationManager = new voltmx.mvc.Navigation(\"frmDirectSale\"); \n     navigationManager.navigate(); // Navigate to frmDirectSale form\n",
            "parentId": "MOVE_ACTION_ad61fa21f2a94e4e8f54ae1fce25a629",
            "callbackType": "Callback"
        }, {
            "id": "MOVE_ACTION_ad61fa21f2a94e4e8f54ae1fce25a629",
            "type": "MOVE_ACTION",
            "itemType": "COMPONENT",
            "itemId": "userwidgetmodel",
            "widgetId": "flxHamberger",
            "itemKUID": "ufdcc780e11840179168099e012140d5",
            "widgetKUID": "jfbb4ee272af499ea9a31f42e34ea54c",
            "wType": "FlexContainer",
            "animationObject": {
                "left": "390dp",
                "anchorPoint": {},
                "stepConfig": {
                    "timingFunction": "kony.anim.EASE"
                }
            },
            "config": {
                "delay": "0",
                "iterationCount": 1,
                "fillMode": "voltmx.anim.FILL_MODE_FORWARDS",
                "duration": "250"
            },
            "start": "Immediately",
            "animationId": "MOVE_ACTION_ad61fa21f2a94e4e8f54ae1fce25a629",
            "displayAnimationId": "MOVE_ACTION_ad61fa21f2a94e4e8f54ae1fce25a629",
            "forkedPlatform": "all",
            "widgetPath": "this.view.flxHamberger"
        }]
    }
}