{
    "AS_FlexContainer_j263351f55d34e8a84b2105092acc246": {
        "id": "AS_FlexContainer_j263351f55d34e8a84b2105092acc246",
        "type": "ACTION_SEQUENCE",
        "params": [{
            "datatype": "collection",
            "name": "eventobject"
        }, {
            "datatype": "string",
            "name": "x"
        }, {
            "datatype": "string",
            "name": "y"
        }],
        "language": "js",
        "eventType": "onTouchEnd",
        "actions": [{
            "id": "ADD_SNIPPET_ide_onTouchEnd_c99357fe716248e8be7ec846c6437024",
            "type": "ADD_SNIPPET",
            "codeSnippet": "voltmx.application.destroyForm(\"frmOnlineTest\");\n// Navigate to another form after successful registration\n     var navigationManager = new voltmx.mvc.Navigation(\"frmOnlineTest\"); \n     navigationManager.navigate(); // Navigate to frmOnlineAuctionHome form\n",
            "parentId": "MOVE_ACTION_df61400907a04174a72953108b6f23b4",
            "callbackType": "Callback"
        }, {
            "id": "MOVE_ACTION_df61400907a04174a72953108b6f23b4",
            "type": "MOVE_ACTION",
            "itemType": "COMPONENT",
            "itemId": "userwidgetmodel",
            "widgetId": "flxHamberger",
            "itemKUID": "ufdcc780e11840179168099e012140d5",
            "widgetKUID": "jfbb4ee272af499ea9a31f42e34ea54c",
            "wType": "FlexContainer",
            "animationObject": {
                "left": "390dp",
                "anchorPoint": {},
                "stepConfig": {
                    "timingFunction": "kony.anim.EASE"
                }
            },
            "config": {
                "delay": "0",
                "iterationCount": 1,
                "fillMode": "voltmx.anim.FILL_MODE_FORWARDS",
                "duration": "250"
            },
            "start": "Immediately",
            "animationId": "MOVE_ACTION_df61400907a04174a72953108b6f23b4",
            "displayAnimationId": "MOVE_ACTION_df61400907a04174a72953108b6f23b4",
            "forkedPlatform": "all",
            "widgetPath": "this.view.flxHamberger"
        }]
    }
}