{
    "AS_FlexContainer_bba122f03d6b4db3817af544c3057504": {
        "id": "AS_FlexContainer_bba122f03d6b4db3817af544c3057504",
        "type": "ACTION_SEQUENCE",
        "params": [{
            "datatype": "collection",
            "name": "eventobject"
        }],
        "contextObj": {
            "name": "userwidgetmodel",
            "type": "userwidgets",
            "KUID": "ufdcc780e11840179168099e012140d5"
        },
        "language": "js",
        "eventType": "onClick",
        "actions": [{
            "id": "ADD_SNIPPET_de73e76a34954c008a06855c66783e7e",
            "type": "ADD_SNIPPET",
            "codeSnippet": "// Navigate to another form after successful registration\n             var navigationManager = new voltmx.mvc.Navigation(\"frmContactUs\"); \n              navigationManager.navigate(); // Navigate to frmHome form\n",
            "parentId": null
        }]
    }
}