{
    "AS_FlexContainer_c285f447fba6431ba08954fc5cffb224": {
        "id": "AS_FlexContainer_c285f447fba6431ba08954fc5cffb224",
        "type": "ACTION_SEQUENCE",
        "params": [{
            "datatype": "collection",
            "name": "eventobject"
        }, {
            "datatype": "string",
            "name": "x"
        }, {
            "datatype": "string",
            "name": "y"
        }],
        "language": "js",
        "eventType": "onTouchEnd",
        "actions": [{
            "id": "ADD_SNIPPET_ide_onTouchEnd_ee795c07174b4d90b7fe9d6ce40c2285",
            "type": "ADD_SNIPPET",
            "codeSnippet": "voltmx.application.destroyForm(\"frmHome\");\n// Navigate to another form after successful registration\n              var navigationManager = new voltmx.mvc.Navigation(\"frmHome\"); \n              navigationManager.navigate(); // Navigate to frmHome form\n",
            "parentId": "MOVE_ACTION_a425cc0def484c60afafd0f83d5c012c",
            "callbackType": "Callback"
        }, {
            "id": "MOVE_ACTION_a425cc0def484c60afafd0f83d5c012c",
            "type": "MOVE_ACTION",
            "itemType": "COMPONENT",
            "itemId": "userwidgetmodel",
            "widgetId": "flxHamberger",
            "itemKUID": "ufdcc780e11840179168099e012140d5",
            "widgetKUID": "jfbb4ee272af499ea9a31f42e34ea54c",
            "wType": "FlexContainer",
            "animationObject": {
                "left": "390dp",
                "anchorPoint": {},
                "stepConfig": {
                    "timingFunction": "kony.anim.EASE"
                }
            },
            "config": {
                "delay": "0",
                "iterationCount": 1,
                "fillMode": "voltmx.anim.FILL_MODE_FORWARDS",
                "duration": "250"
            },
            "start": "Immediately",
            "animationId": "MOVE_ACTION_a425cc0def484c60afafd0f83d5c012c",
            "displayAnimationId": "MOVE_ACTION_a425cc0def484c60afafd0f83d5c012c",
            "forkedPlatform": "all",
            "widgetPath": "this.view.flxHamberger"
        }]
    }
}