{
    "AS_Image_j2900d49ecdb42f487120cba0ef33da8": {
        "id": "AS_Image_j2900d49ecdb42f487120cba0ef33da8",
        "type": "ACTION_SEQUENCE",
        "params": [{
            "datatype": "collection",
            "name": "eventobject"
        }, {
            "datatype": "string",
            "name": "x"
        }, {
            "datatype": "string",
            "name": "y"
        }],
        "contextObj": {
            "name": "userwidgetmodel",
            "type": "userwidgets",
            "KUID": "ufdcc780e11840179168099e012140d5"
        },
        "language": "js",
        "eventType": "onTouchEnd",
        "actions": [{
            "id": "MOVE_ACTION_fcd1903de6774334a4d506550bb8d611",
            "type": "MOVE_ACTION",
            "itemType": "COMPONENT",
            "itemId": "userwidgetmodel",
            "widgetId": "flxHamberger",
            "itemKUID": "ufdcc780e11840179168099e012140d5",
            "widgetKUID": "jfbb4ee272af499ea9a31f42e34ea54c",
            "wType": "FlexContainer",
            "animationObject": {
                "left": "100%",
                "anchorPoint": {},
                "stepConfig": {
                    "timingFunction": "kony.anim.EASE"
                }
            },
            "config": {
                "delay": "0",
                "iterationCount": 1,
                "fillMode": "voltmx.anim.FILL_MODE_FORWARDS",
                "duration": "250"
            },
            "start": "Immediately",
            "animationId": "MOVE_ACTION_fcd1903de6774334a4d506550bb8d611",
            "displayAnimationId": "MOVE_ACTION_fcd1903de6774334a4d506550bb8d611",
            "forkedPlatform": "all",
            "widgetPath": "this.view.flxHamberger"
        }]
    }
}