{
    "keys": [
        "(GMT +10:00) Eastern Australia, Guam, Vladivostok",
        "(GMT +11:00) Magadan, Solomon Islands, New Caledonia",
        "(GMT +12:00) Auckland, Wellington, Fiji, Kamchatka",
        "(GMT +1:00) Brussels, Copenhagen, Madrid, Paris",
        "(GMT +2:00) Kaliningrad, South Africa",
        "(GMT +3:00) Baghdad, Riyadh, Moscow, St. Petersburg",
        "(GMT +4:00) Abu Dhabi, Muscat, Baku, Tbilisi",
        "(GMT +5:00) Ekaterinburg, Islamabad, Karachi, Tashkent",
        "(GMT +6:00) Almaty, Dhaka, Colombo",
        "(GMT +7:00) Bangkok, Hanoi, Jakarta",
        "(GMT +8:00) Beijing, Perth, Singapore, Hong Kong",
        "(GMT +9:00) Tokyo, Seoul, Osaka, Sapporo, Yakutsk",
        "(GMT -12:00) Eniwetok, Kwajalein",
        "10000 (Max bid 200000)",
        "5000 (Max bid 100000)",
        "50000 (Max bid 5000000)",
        "500000 (Max bid 1000000000)",
        "7500 (Max bid 150000)",
        "About_Company",
        "Accident",
        "Accident(32)",
        "Address",
        "Afghanistan",
        "Albania",
        "All_rights",
        "American_Samoa",
        "Antarctica",
        "Arabic",
        "Auction_Guide",
        "Australia",
        "Auto_Inspections",
        "BMW(2)",
        "Belgium",
        "Bermuda",
        "Bhutan",
        "Both",
        "Brazil",
        "Call_Center 24/7",
        "Cambodia",
        "Canada",
        "Car_Detailing",
        "Categories",
        "City",
        "Commercial",
        "Commercial(6)",
        "Complaints",
        "Confirm_Your_Password",
        "Contact_Us_9708006006",
        "Country",
        "Current Auction",
        "Current Bid Deposit:",
        "Date_Of_Birth(DD-MM-YYYY)",
        "Direct_Sales",
        "EMail",
        "Electronic_services_and_technical_support",
        "Email_Address",
        "Eng",
        "English",
        "Enter_The_Message",
        "Financial_services",
        "Ford(2)",
        "Forgot_your_Username_or_Password ?",
        "Four-Wheel drive(6)",
        "FullName_in_English",
        "GMT +7:00) Bangkok, Hanoi, Jakarta",
        "Home",
        "How_would_you_like_to_contact_you?",
        "Hyndai(3)",
        "ID_Number",
        "I_have_read_and_agree_the",
        "Increase security bid",
        "India",
        "Individual",
        "Inquiries",
        "Invoice_List",
        "Lexus(2)",
        "Light",
        "Light(51)",
        "LogIn",
        "LogOut",
        "Maintenance_Repairs",
        "Makes_Models",
        "Messages",
        "Mobile_Number",
        "Motor(1)",
        "My_Accout",
        "My_Profile",
        "New_PassWord",
        "Nissan(32)",
        "No",
        "Online_Auction",
        "Organization",
        "PassWord",
        "PassWordNote_1",
        "Password_note_2",
        "Pay",
        "Payment Details",
        "Payment_List",
        "Phone",
        "Please choose preferred language",
        "Please_Repeat_your_password",
        "Purchases",
        "Ram_Auctions",
        "Register_Here",
        "Register_Now",
        "Remember_Me",
        "Renault(4)",
        "Requested_Services",
        "Rich_Online_Auction",
        "Rich_Text",
        "Rich_Text_ContactUs",
        "Rich_Text_Popup",
        "Road-side_Assistance",
        "Save Changes",
        "Select_Your_Country",
        "Select_timezone",
        "Services_of_auction_vehicles",
        "Social_Media",
        "State/Province",
        "Subject",
        "Submit",
        "Suggestions",
        "Suzuki(3)",
        "TESLA(1)",
        "Tax_Registration_Number",
        "Timezone",
        "Toyota(22)",
        "Trade_Licence_Exp_Date",
        "Trade_License_Number",
        "Unsold_Vehicles",
        "Upload your ID",
        "UserName",
        "User_Type",
        "Welcome_To",
        "Welcome_to_Ram_Auctions",
        "Whats new in RA",
        "Would you like to receive SMS?",
        "Would you like to receive the newsletter",
        "Yes",
        "Your_inquiries_(500 characters only)",
        "Zip/Postal code",
        "terms_and_conditions"
    ],
    "locales": {
        "ar": {
            "i18nStrings": {
                "(GMT +10:00) Eastern Australia, Guam, Vladivostok": "(توقيت جرينتش +10:00) شرق أستراليا، غوام، فلاديفوستوك",
                "(GMT +11:00) Magadan, Solomon Islands, New Caledonia": "(توقيت جرينتش +11:00) ماجادان، جزر سليمان، كاليدونيا الجديدة",
                "(GMT +12:00) Auckland, Wellington, Fiji, Kamchatka": "(توقيت جرينتش +12:00) أوكلاند، ولينغتون، فيجي، كامتشاتكا",
                "(GMT +1:00) Brussels, Copenhagen, Madrid, Paris": "(توقيت جرينتش +1:00) بروكسل، كوبنهاجن، مدريد، باريس",
                "(GMT +2:00) Kaliningrad, South Africa": "(توقيت جرينتش +2:00) كالينينجراد، جنوب أفريقيا",
                "(GMT +3:00) Baghdad, Riyadh, Moscow, St. Petersburg": "(GMT +3:00) بغداد، الرياض، موسكو، سانت بطرسبورغ",
                "(GMT +4:00) Abu Dhabi, Muscat, Baku, Tbilisi": "(GMT +4:00) أبو ظبي، مسقط، باكو، تبليسي",
                "(GMT +5:00) Ekaterinburg, Islamabad, Karachi, Tashkent": "(توقيت جرينتش +5:00) إيكاترينبرج، إسلام أباد، كراتشي، طشقند",
                "(GMT +6:00) Almaty, Dhaka, Colombo": "(توقيت جرينتش +6:00) ألماتي، دكا، كولومبو",
                "(GMT +7:00) Bangkok, Hanoi, Jakarta": "(توقيت جرينتش +7:00) بانكوك، هانوي، جاكرتا",
                "(GMT +8:00) Beijing, Perth, Singapore, Hong Kong": "(توقيت جرينتش +8:00) بكين، بيرث، سنغافورة، هونج كونج",
                "(GMT +9:00) Tokyo, Seoul, Osaka, Sapporo, Yakutsk": "(توقيت جرينتش +9:00) طوكيو، سيول، أوساكا، سابورو، ياكوتسك",
                "(GMT -12:00) Eniwetok, Kwajalein": "(توقيت جرينتش -12:00) إنيوتوك، كواجالين(توقيت جرينتش -12:00) إنيوتوك، كواجالين",
                "10000 (Max bid 200000)": "10000 (الحد الأقصى للمزايدة 200000)",
                "5000 (Max bid 100000)": "5000 (الحد الأقصى للمزايدة 100000)",
                "50000 (Max bid 5000000)": "50000 (الحد الأقصى للمزايدة 5000000)",
                "500000 (Max bid 1000000000)": "500000 (الحد الأقصى للمزايدة 1000000000)",
                "7500 (Max bid 150000)": "7500 (الحد الأقصى للمزايدة 150000)",
                "About_Company": "عن الشركة",
                "Accident": "حادثة",
                "Accident(32)": "حادث(32)",
                "Address": "عنوان",
                "Afghanistan": "أفغانستان",
                "Albania": "ألبانيا",
                "All_rights": "جميع الحقوق محفوظة.2024 © مزادات رام",
                "American_Samoa": "ساموا الأمريكية",
                "Antarctica": "القارة القطبية الجنوبية",
                "Arabic": "عربي",
                "Auction_Guide": "دليل المزاد",
                "Australia": "أستراليا",
                "Auto_Inspections": "فحص السيارات",
                "BMW(2)": "بي ام دبليو(2)",
                "Belgium": "بلجيكا",
                "Bermuda": "بلجيكا",
                "Bhutan": "بوتان",
                "Both": "كلاهما",
                "Brazil": "البرازيل",
                "Call_Center 24/7": "مركز الاتصال 24/7 |  8006006",
                "Cambodia": "كمبوديا",
                "Canada": "كندا",
                "Car_Detailing": "تفصيل السيارة",
                "Categories": "فئات",
                "City": "مدينة",
                "Commercial": "تجاري",
                "Commercial(6)": "تجاري(6)",
                "Complaints": "اقتراحات",
                "Confirm_Your_Password": "تأكيد كلمة المرور الخاصة بك",
                "Contact_Us_9708006006": "اتصل بنا | 9708006006",
                "Country": "دولة",
                "Current Auction": "المزاد الحالي",
                "Current Bid Deposit:": "إيداع العطاء الحالي:",
                "Date_Of_Birth(DD-MM-YYYY)": "تاريخ الميلاد (DD-MM-YYYY)",
                "Direct_Sales": "المبيعات المباشرة ",
                "EMail": "بريد إلكتروني",
                "Electronic_services_and_technical_support": "الخدمات الإلكترونية والدعم الفني",
                "Email_Address": "عنوان البريد الإلكتروني",
                "Eng": "Eng",
                "English": "إنجليزي",
                "Enter_The_Message": "أدخل الرسالة",
                "Financial_services": "الخدمات المالية",
                "Ford(2)": "فورد(2)",
                "Forgot_your_Username_or_Password ?": "هل نسيت اسم المستخدم أو كلمة المرور؟",
                "Four-Wheel drive(6)": "الدفع الرباعي(6)",
                "FullName_in_English": "الاسم الكامل باللغة الإنجليزية",
                "GMT +7:00) Bangkok, Hanoi, Jakarta": "بتوقيت جرينتش +7:00) بانكوك، هانوي، جاكرتا",
                "Home": "بيت",
                "How_would_you_like_to_contact_you?": "كيف تريد الاتصال بك؟",
                "Hyndai(3)": "هيونداي(3)",
                "ID_Number": "رقم الهوية",
                "I_have_read_and_agree_the": "لقد قرأت ووافقت على",
                "Increase security bid": "إيداع العطاء الحالي:",
                "India": "الهند",
                "Individual": "فردي",
                "Inquiries": "الاستفسارات",
                "Invoice_List": "قائمة الفاتورة",
                "Lexus(2)": "لكزس(2)",
                "Light": "ضوء",
                "Light(51)": "ضوء(51)",
                "LogIn": "تسجيل الدخول",
                "LogOut": "تسجيل الخروج",
                "Maintenance_Repairs": "الصيانة والإصلاحات",
                "Makes_Models": "الماركات/النماذج",
                "Messages": "رسائل",
                "Mobile_Number": "رقم الهاتف المحمول",
                "Motor(1)": "محرك(1)",
                "My_Accout": "حسابي",
                "My_Profile": "ملفي الشخصي",
                "New_PassWord": "كلمة المرور الجديدة",
                "Nissan(32)": "نيسان(32)",
                "No": "لا",
                "Online_Auction": "مزاد على الانترنت ",
                "Organization": "منظمة",
                "PassWord": "كلمة المرور",
                "PassWordNote_1": "*ملاحظة* إذا كنت تريد تغيير كلمة المرور الخاصة بك، استخدم الحقول الثلاثة أدناه. وإلا فاتركها فارغة.",
                "Password_note_2": "مبلغ التأمين باستخدام بطاقة الائتمان قابل للاسترداد تلقائيًا بعد 21 يومًا وفقًا لسياسة البنك",
                "Pay": "يدفع",
                "Payment Details": "تفاصيل الدفع",
                "Payment_List": "قائمة الدفع",
                "Phone": "هاتف",
                "Please choose preferred language": "الرجاء اختيار اللغة المفضلة",
                "Please_Repeat_your_password": "من فضلك كرر كلمة المرور الخاصة بك",
                "Purchases": "المشتريات",
                "Ram_Auctions": "مزادات رام",
                "Register_Here": "سجل هنا",
                "Register_Now": "سجل الآن",
                "Remember_Me": "تذكرنى",
                "Renault(4)": "رينو(4)",
                "Requested_Services": "الخدمات المطلوبة",
                "Rich_Online_Auction": "<body>    <h1>الأحكام والشروط في موقع المزادات الوطني (مزادات رام)</h1>    <p>تنظم الأحكام والنصوص الواردة في هذه الاتفاقية العلاقة بين جميع الأطراف بموجب هذه الاتفاقية. من المهم ملاحظة أنه في حال وجود أي غموض في أي حكم أو نص أو أي سوء فهم، يجب تفسيره أو تأويله فقط من خلال اتفاقيات أخرى موقعة من قبل مزادات رام. أي اتفاقية غير موقعة من قبل السلطة المخولة رسمياً (سواء كانت هذه السلطة شفهية أو كتابية) لا تتحمل مزادات رام أي مسؤولية أو التزامات قانونية. علاوة على ذلك، لا يجوز الرجوع إلى أي لوائح أو نصوص أخرى لم تذكرها مزادات رام. وتتمثل الأحكام والمسؤوليات فيما يلي:</p>    <h2>الأحكام والمسؤوليات</h2>    <p class=\"section-title\">1. الموقع الإلكتروني:</p>   <p>موقع مزادات رام هو أحد المراكز التابعة لمؤسسة حكومية اتحادية.</p>    <p class=\"section-title\">2. تسجيل العملاء:</p>   <p>يجب على جميع المشاركين والأعضاء قراءة القواعد واللوائح والنصوص والأحكام التي تنظم وتتحكم في علاقاتنا مع العملاء. عملية التسجيل تشكل قبولاً وموافقة على جميع القواعد والأحكام.</p>    <p class=\"section-title\">3. تسجيل المشاركين:</p>   <p>يجب على جميع المشاركين في المزاد عبر الموقع تسجيل بياناتهم واختيار اسم مستخدم وكلمة مرور لاستخدام الخدمات التي يوفرها الموقع.</p>    <p class=\"section-title\">4. فحص المركبات:</p>   <p>يجب على جميع المشاركين فحص المركبات والبضائع والتحقق منها قبل الدخول في المزاد. يتم بيع المركبات كما هي، ولا يتحمل المسجل أي مسؤولية عن حالة المركبات.</p>    <p class=\"section-title\">5. دفع ثمن المركبات:</p>   <p>يجب على المشارك الذي يفوز في المزاد إتمام الدفع في غضون 48 ساعة من إعلان نتائج المزاد. سيتم فرض غرامة قدرها 100 درهم يومياً عن التأخير في الدفع.</p>    <p class=\"section-title\">6. التأمين المبدئي:</p>   <p>يجب على المشاركين إيداع مبلغ تأمين وفقاً للشروط المذكورة في البند رقم 23. يمكن الدفع عبر بطاقة الائتمان أو التحويل البنكي أو شيك موديعة.</p>    <p class=\"section-title\">7. خرق الاتفاقية:</p>   <p>في حال خرق المشارك لأي من شروط المزاد، قد يتم مصادرة مبلغ التأمين، وقد يتم اتخاذ إجراءات قانونية.</p>    <h2>الشروط والأحكام الإضافية</h2>    <ul>     <li><span class=\"section-title\">8. حقوق المشاركة في المزاد:</span> يمكن للمشاركين امتلاك عدد غير محدود من المركبات في المزاد، وفقاً للقوانين المعمول بها.</li>     <li><span class=\"section-title\">9. السلطة القانونية:</span> يجب أن يكون المشاركون لديهم سلطة قانونية للمزايدة وألا يقل عمرهم عن 21 سنة.</li>     <li><span class=\"section-title\">10. مسؤولية اسم المستخدم والحساب:</span> يجب على المشاركين عدم مشاركة تفاصيل حساباتهم مع الآخرين وهم مسؤولون عن أي استخدام لحساباتهم.</li>     <li><span class=\"section-title\">11. الانتهاكات:</span> يجب على المشاركين عدم التلاعب بأسعار المزادات أو التدخل في بنية الموقع التحتية. سيتم اتخاذ إجراءات قانونية في حالة الانتهاك.</li>     <li><span class=\"section-title\">12. إنهاء الموقع:</span> تحتفظ مزادات رام بحقها في تعليق أو إنهاء أو تعديل الخدمات المقدمة على الموقع حسب الحاجة.</li>     <li><span class=\"section-title\">13. لا استرداد في حالة عدم الدفع:</span> بمجرد أن يفوز المشارك في المزاد، لن يتم استرداد أي مبالغ إذا فشل في إتمام الدفع.</li>   </ul>    <p class=\"important\"><strong>ملاحظة:</strong> يتم بيع جميع المركبات كما هي، ويتحمل المشتري المسؤولية بعد الفحص. لا يسمح بالإرجاع أو الإلغاء إلا إذا تم النص على ذلك في شروط المزاد.</p>    <h2>الدفع والرسوم</h2>    <ul>     <li><span class=\"section-title\">14. موعد الدفع:</span> يجب دفع ثمن المركبة التي تم المزاد عليها في غضون 48 ساعة. سيتم فرض غرامة قدرها 100 درهم عن كل يوم تأخير.</li>     <li><span class=\"section-title\">15. ضريبة القيمة المضافة:</span> جميع المركبات تخضع لضريبة القيمة المضافة بنسبة 5% على السعر النهائي للمزاد.</li>     <li><span class=\"section-title\">16. استرداد التأمين المبدئي:</span> سيتم معالجة استرداد مبلغ التأمين في غضون 10-14 يوم عمل، حسب طريقة الدفع.</li>     <li><span class=\"section-title\">17. سياسة الإلغاء:</span> بالنسبة للعملاء الذين لديهم تأمين عبر الشيكات، سيتم خصم 25% من قيمة الشراء. بالنسبة للعملاء الذين لديهم تأمين نقدي أو عبر البطاقة، قد يتم خصم حتى 10%.</li>   </ul>    <h2>ملكية المركبات والتحويل</h2>    <p><span class=\"section-title\">18. تحويل الملكية:</span> يجب على المشتري إتمام عملية تحويل الملكية في غضون 7 أيام بعد استلام جميع الوثائق ذات الصلة.</p>    <p><span class=\"section-title\">19. إزالة المركبة:</span> المشتري مسؤول عن إزالة المركبة في غضون 72 ساعة من الدفع.</p>    <p><span class=\"section-title\">20. نقل المركبة:</span> يجب على المشتري ترتيب نقل المركبة من مقر المزاد.</p>    <h2>متنوعات</h2>    <ul>     <li><span class=\"section-title\">21. الرسوم الإدارية:</span> سيتم فرض رسوم إدارية قدرها 300 درهم للدراجات النارية، 380 درهم للمركبات الخفيفة، و480 درهم للمركبات الثقيلة.</li>     <li><span class=\"section-title\">22. إجراءات المزاد:</span> يجب على المشاركين اتباع جميع إجراءات المزاد وتأكيد الدفع ضمن الإطار الزمني المحدد.</li>     <li><span class=\"section-title\">23. تطبيق ضريبة القيمة المضافة:</span> المركبات تخضع لضريبة القيمة المضافة وفقاً لقوانين الضرائب المعمول بها.</li>   </ul>    <h2>معلومات الاتصال</h2>    <p>إذا كانت لديك أي أسئلة أو شكاوى أو اقتراحات، يمكنك الاتصال بنا عبر البريد الإلكتروني على <a href=\"mailto:support@ram.ae\">support@ram.ae</a> أو الاتصال بنا على الرقم +971 6 800 6006. سوف نرد في أقرب وقت ممكن ونسعى لحل أي مشكلة في غضون يومين عمل.</p>    <p class=\"important\"><strong>مهم:</strong> جميع المعاملات في مزادات رام تخضع لهذه الشروط والأحكام. يرجى قراءتها بعناية قبل المشاركة.</p>  </body> </html>",
                "Rich_Text": "<body>    <h1>مرحباً بكم في مزادات رام</h1>    <p>مرحباً بكم في مزادات رام، أحد أعضاء مراكز الإمارات للنقل. لقد نجحت مزادات رام في جذب المشترين والبائعين من جميع أنحاء الإمارات العربية المتحدة، متميزة عن بيوت المزادات الأخرى في السوق التنافسي. نحن ملتزمون بتلبية احتياجات كل من المشترين والبائعين على حد سواء. تأسست مزادات رام كعضو في مجموعة الإمارات للنقل، ومنذ تأسيسها، حققت إنجازات ملحوظة وهي تحظى بسمعة واسعة في صناعة المزادات. تعد مزادات رام من الشركات الرائدة في هذا المجال، حيث نظمت أكثر من 66 مزادًا وكسبت ثقة العديد من الجهات الحكومية، بالإضافة إلى العديد من القطاعات العامة والخاصة، فضلاً عن معظم تجار السيارات في الإمارات وخارجها. تمتلك مزادات رام قدرات متميزة من خلال إدارة احترافية تعتمد على الشفافية والاعتدال في التعامل لتحقيق المنفعة والمصلحة المتبادلة لكل من البائع والمشتري.</p>  </body> </html>",
                "Rich_Text_ContactUs": "<body>     <p>نحن هنا لمساعدتك. لأي استفسارات أو اقتراحات، يمكنك الاتصال بنا باستخدام النموذج أدناه وسنرد عليك خلال 24 ساعة.</p> </body>",
                "Rich_Text_Popup": "<body>     <p>تقدم الإمارات للنقل خدمات الفحص للمركبات بأنواعها كافة، بما في ذلك الشاحنات الثقيلة، باستخدام أحدث التقنيات والأجهزة المتاحة. يشمل ذلك أجهزة الفحص المحمولة التي توفر خدمات فحص المركبات في الموقع في جميع الإمارات في دولة الإمارات العربية المتحدة. كما نوفر نظام المها لفحص العادم، والمكابح، والإطارات.</p> </body>",
                "Road-side_Assistance": "المساعدة على جانب الطريق",
                "Save Changes": "حفظ التغييرات",
                "Select_Your_Country": "اختر بلدك",
                "Select_timezone": "حدد المنطقة الزمنية",
                "Services_of_auction_vehicles": "خدمات مركبات المزاد",
                "Social_Media": "وسائل التواصل الاجتماعي",
                "State/Province": "الولاية/المقاطعة",
                "Subject": "موضوع",
                "Submit": "يُقدِّم",
                "Suggestions": "اقتراحات",
                "Suzuki(3)": "سوزوكي(3)",
                "TESLA(1)": "تسلا(1)",
                "Tax_Registration_Number": "رقم التسجيل الضريبي",
                "Timezone": "المنطقة الزمنية",
                "Toyota(22)": "تويوتا(22)",
                "Trade_Licence_Exp_Date": "تاريخ انتهاء الرخصة التجارية (YYYY-MM-DD)",
                "Trade_License_Number": "رقم الرخصة التجارية",
                "Unsold_Vehicles": "المركبات غير المباعة",
                "Upload your ID": "قم بتحميل معرفك",
                "UserName": "اسم المستخدم",
                "User_Type": "نوع المستخدم",
                "Welcome_To": "مرحبا بكم في",
                "Welcome_to_Ram_Auctions": "مرحبا بكم في مزادات رام",
                "Whats new in RA": "ما الجديد في RA",
                "Would you like to receive SMS?": "هل ترغب في تلقي الرسائل القصيرة؟",
                "Would you like to receive the newsletter": "هل ترغب في الحصول على النشرة الإخبارية",
                "Yes": "نعم",
                "Your_inquiries_(500 characters only)": "استفساراتك (500 حرف فقط)",
                "Zip/Postal code": "الرمز البريدي / الرمز البريدي",
                "terms_and_conditions": "لقد قرأت ووافقت على"
            },
            "isCustomLocale": false,
            "isSelected": true,
            "layoutConfig": {
                "mirrorContentAlignment": false,
                "mirrorFlexPositionProperties": false,
                "mirrorFlowHorizontalAlignment": false
            }
        },
        "en": {
            "i18nStrings": {
                "(GMT +10:00) Eastern Australia, Guam, Vladivostok": "(GMT +10:00) Eastern Australia, Guam, Vladivostok",
                "(GMT +11:00) Magadan, Solomon Islands, New Caledonia": "(GMT +11:00) Magadan, Solomon Islands, New Caledonia",
                "(GMT +12:00) Auckland, Wellington, Fiji, Kamchatka": "(GMT +12:00) Auckland, Wellington, Fiji, Kamchatka",
                "(GMT +1:00) Brussels, Copenhagen, Madrid, Paris": "(GMT +1:00) Brussels, Copenhagen, Madrid, Paris",
                "(GMT +2:00) Kaliningrad, South Africa": "(GMT +2:00) Kaliningrad, South Africa",
                "(GMT +3:00) Baghdad, Riyadh, Moscow, St. Petersburg": "(GMT +3:00) Baghdad, Riyadh, Moscow, St. Petersburg",
                "(GMT +4:00) Abu Dhabi, Muscat, Baku, Tbilisi": "(GMT +4:00) Abu Dhabi, Muscat, Baku, Tbilisi",
                "(GMT +5:00) Ekaterinburg, Islamabad, Karachi, Tashkent": "(GMT +5:00) Ekaterinburg, Islamabad, Karachi, Tashkent",
                "(GMT +6:00) Almaty, Dhaka, Colombo": "(GMT +6:00) Almaty, Dhaka, Colombo",
                "(GMT +7:00) Bangkok, Hanoi, Jakarta": "(GMT +7:00) Bangkok, Hanoi, Jakarta",
                "(GMT +8:00) Beijing, Perth, Singapore, Hong Kong": "(GMT +8:00) Beijing, Perth, Singapore, Hong Kong",
                "(GMT +9:00) Tokyo, Seoul, Osaka, Sapporo, Yakutsk": "(GMT +9:00) Tokyo, Seoul, Osaka, Sapporo, Yakutsk",
                "(GMT -12:00) Eniwetok, Kwajalein": "(GMT -12:00) Eniwetok, Kwajalein",
                "10000 (Max bid 200000)": "10000 (Max bid 200000)",
                "5000 (Max bid 100000)": "5000 (Max bid 100000)",
                "50000 (Max bid 5000000)": "50000 (Max bid 5000000)",
                "500000 (Max bid 1000000000)": "500000 (Max bid 1000000000)",
                "7500 (Max bid 150000)": "7500 (Max bid 150000)",
                "About_Company": "About Company",
                "Accident": "Accident",
                "Accident(32)": "Accident(32)",
                "Address": "Address",
                "Afghanistan": "Afghanistan",
                "Albania": "Albania",
                "All_rights": "All rights reserved.2024 © Ram Auctions",
                "American_Samoa": "American Samoa",
                "Antarctica": "Antarctica",
                "Arabic": "Arabic",
                "Auction_Guide": "Auction Guide",
                "Australia": "Australia",
                "Auto_Inspections": "      Auto Inspections",
                "BMW(2)": "BMW(2)",
                "Belgium": "Belgium",
                "Bermuda": "Bermuda",
                "Bhutan": "Bhutan",
                "Both": "Both",
                "Brazil": "Brazil",
                "Call_Center 24/7": "Call Center 24/7   |  8006006",
                "Cambodia": "Cambodia",
                "Canada": "Canada",
                "Car_Detailing": "         Car Detailing ",
                "Categories": "Categories",
                "City": "City",
                "Commercial": "Commercial",
                "Commercial(6)": "Commercial(6)",
                "Complaints": "Complaints",
                "Confirm_Your_Password": "Confirm Your Password",
                "Contact_Us_9708006006": "Contact Us | 9708006006",
                "Country": "Country",
                "Current Auction": "Current Auction",
                "Current Bid Deposit:": "Current Bid Deposit: ",
                "Date_Of_Birth(DD-MM-YYYY)": "Date Of Birth(DD-MM-YYYY)",
                "Direct_Sales": "  Direct Sales ",
                "EMail": "EMail",
                "Electronic_services_and_technical_support": "Electronic services and technical support",
                "Email_Address": "Email Address",
                "Eng": "عربي",
                "English": "English",
                "Enter_The_Message": "Enter The Message",
                "Financial_services": "Financial services",
                "Ford(2)": "Ford(2)",
                "Forgot_your_Username_or_Password ?": "Forgot your Username or Password ?",
                "Four-Wheel drive(6)": "Four-Wheel drive(6)",
                "FullName_in_English": "FullName in English",
                "GMT +7:00) Bangkok, Hanoi, Jakarta": "GMT +7:00) Bangkok, Hanoi, Jakarta",
                "Home": " Home",
                "How_would_you_like_to_contact_you?": "How would you like to contact you?",
                "Hyndai(3)": "Hyndai(3)",
                "ID_Number": "ID Number",
                "I_have_read_and_agree_the": "I have read and agree the",
                "Increase security bid": "Increase security bid",
                "India": "India",
                "Individual": "Individual",
                "Inquiries": "Inquiries",
                "Invoice_List": "Invoice List",
                "Lexus(2)": "Lexus(2)",
                "Light": "Light",
                "Light(51)": "Light(51)",
                "LogIn": "LogIn",
                "LogOut": "LogOut",
                "Maintenance_Repairs": " Maintenance & Repairs ",
                "Makes_Models": "Makes/Models",
                "Messages": "Messages",
                "Mobile_Number": "Mobile Number",
                "Motor(1)": "Motor(1)",
                "My_Accout": "My Accout",
                "My_Profile": "My Profile",
                "New_PassWord": "New PassWord",
                "Nissan(32)": "Nissan(32)",
                "No": "No",
                "Online_Auction": " Online Auction ",
                "Organization": "Organization",
                "PassWord": "Current Password",
                "PassWordNote_1": "*NOTE* If you want to change your password use the three fields below.Otherwise leave them blank.                                ",
                "Password_note_2": " The Security Deposit using a credit card its refundable automatically after 21 days as per the bank policy",
                "Pay": "Pay",
                "Payment Details": "Payment Details",
                "Payment_List": "Payment List",
                "Phone": "Phone",
                "Please choose preferred language": "Please choose preferred language",
                "Please_Repeat_your_password": "Please Repeat your password",
                "Purchases": "Purchases",
                "Ram_Auctions": "Ram Auctions",
                "Register_Here": "Register Here",
                "Register_Now": "Register Now",
                "Remember_Me": "Remember Me",
                "Renault(4)": "Renault(4)",
                "Requested_Services": "Requested Services",
                "Rich_Online_Auction": "<body>    <h1>Provisions and Conditions in National Auctions Internet Site (Ram Auctions)</h1>    <p>The rules, provisions, and texts included in this agreement govern and control the relationship between all parties under this agreement. It is important to note that any ambiguity in one rule or text or any misunderstanding shall be construed or interpreted only through other agreements signed by Ram Auctions. Any agreement not signed by the officially authorized authority (whether this authorization was verbal or in writing) shall not hold any responsibility or legal obligations on Ram Auctions. Additionally, no other regulations or texts not mentioned by Ram Auctions shall be referred to. The provisions and responsibilities are as follows:</p>    <h2>Provisions and Responsibilities</h2>    <p class=\"section-title\">1. The Website:</p>   <p>The website of Ram Auctions is one of the centers affiliated with a federal governmental institution.</p>    <p class=\"section-title\">2. Customer Registration:</p>   <p>All participants and members must read the rules, regulations, texts, and provisions that govern and control our relations with clients. The registration process constitutes acceptance and approval of all rules and provisions.</p>    <p class=\"section-title\">3. Participant Registration:</p>   <p>All participants in the auction through the website must register their data, select a username, and password to use the services provided by the site.</p>    <p class=\"section-title\">4. Vehicle Inspection:</p>   <p>All participants shall inspect and investigate the vehicles and commodities before entering into the auction. Vehicles are sold as-is, and the auctioneer does not bear any responsibility for the condition of the vehicles.</p>    <p class=\"section-title\">5. Payment for Vehicles:</p>   <p>The participant who wins the auction shall complete payment within 48 hours of the announcement of the auction results. A penalty of AED 100 per day will be imposed for delayed payment.</p>    <p class=\"section-title\">6. Security Deposit:</p>   <p>Participants must deposit an insurance amount according to the conditions stated in Item No. 23. Payment can be made via credit card, bank transfer, or deposited cheque.</p>    <p class=\"section-title\">7. Breach of Agreement:</p>   <p>If a participant violates any auction conditions, their deposit may be confiscated, and legal actions may be taken.</p>    <h2>Additional Terms and Conditions</h2>    <ul>     <li><span class=\"section-title\">8. Auction Participation Rights:</span> Participants can own an unlimited number of vehicles in the auction, subject to relevant laws.</li>     <li><span class=\"section-title\">9. Legal Authority:</span> Participants must have legal authority to bid and be at least 21 years old.</li>     <li><span class=\"section-title\">10. Username and Account Responsibility:</span> Participants must not share their account details with others and are responsible for any use of their account.</li>     <li><span class=\"section-title\">11. Violations:</span> Participants must not manipulate auction prices or interfere with the site’s infrastructure. Legal actions will be taken for violations.</li>     <li><span class=\"section-title\">12. Site Termination:</span> Ram Auctions reserves the right to suspend, terminate, or modify the services provided on the site as necessary.</li>     <li><span class=\"section-title\">13. No Refund for Non-Payment:</span> Once a participant wins the auction, no refunds will be made if they fail to complete payment.</li>   </ul>    <p class=\"important\"><strong>Note:</strong> All vehicles are sold as-is, and the buyer assumes responsibility after inspection. Returns or cancellations are not allowed unless specifically stated in the auction terms.</p>    <h2>Payment and Fees</h2>    <ul>     <li><span class=\"section-title\">14. Payment Deadline:</span> Payment for the auctioned vehicle must be made within 48 hours. A penalty of AED 100 will be charged for each day of delay.</li>     <li><span class=\"section-title\">15. VAT:</span> All vehicles are subject to a 5% VAT on the final auction price.</li>     <li><span class=\"section-title\">16. Security Deposit Refund:</span> Refunds of the security deposit will be processed within 10-14 working days, depending on the payment method.</li>     <li><span class=\"section-title\">17. Cancellation Policy:</span> For customers with check-based insurance, 25% of the purchase value will be forfeited. For cash or card-based insurance, up to 10% may be deducted.</li>   </ul>    <h2>Vehicle Ownership and Transfer</h2>    <p><span class=\"section-title\">18. Ownership Transfer:</span> The buyer must complete the ownership transfer process within 7 days after receiving all relevant documents.</p>    <p><span class=\"section-title\">19. Vehicle Removal:</span> The buyer is responsible for removing the vehicle within 72 hours of payment.</p>    <p><span class=\"section-title\">20. Vehicle Transportation:</span> The buyer must arrange for the transportation of the vehicle from the auction premises.</p>    <h2>Miscellaneous</h2>    <ul>     <li><span class=\"section-title\">21. Administrative Fees:</span> Administrative fees of AED 300 for motorcycles, AED 380 for light vehicles, and AED 480 for heavy vehicles will apply.</li>     <li><span class=\"section-title\">22. Auction Procedures:</span> Participants must follow all auction procedures and confirm payment within the designated timeframe.</li>     <li><span class=\"section-title\">23. VAT Application:</span> Vehicles are subject to VAT as per the applicable tax laws.</li>   </ul>    <h2>Contact Information</h2>    <p>If you have any questions, complaints, or suggestions, you can contact us via email at <a href=\"mailto:support@ram.ae\">support@ram.ae</a> or call us at +971 6 800 6006. We will respond as quickly as possible and aim to resolve any issues within 2 business days.</p>    <p class=\"important\"><strong>Important:</strong> All transactions on Ram Auctions are governed by these terms and conditions. Please read them carefully before participating.</p>  </body> </html>",
                "Rich_Text": "<body>    <h1>Welcome to RAM Auctions</h1>    <p>Welcome to RAM Auctions, a member of Emirates Transport Centers. RAM Auctions has succeeded in attracting buyers and sellers of vehicles from all over the UAE, standing out from other auction houses in the competitive market. We are committed to meeting the requirements of both buyers and sellers alike. RAM Auctions was established as a member of the Emirates Transport group, and since its inception, it has achieved remarkable milestones and is widely recognized in the auction industry. RAM Auctions is a leading company in the field, having organized more than 66 auctions and earned the trust of numerous government entities, as well as many public and private sectors, in addition to most of the car dealers in the UAE and beyond. RAM Auctions possesses distinctive capabilities through professional management, which relies on transparency and moderation in dealing to achieve the mutual benefit and interest of both the seller and the buyer.</p>  </body> </html>",
                "Rich_Text_ContactUs": "<body>     <p>We are here to help you. For any inquiries or suggestions, you can contact us using the form below and we will respond to you within 24 hours.</p> </body>",
                "Rich_Text_Popup": "<body>     <p>Emirates Transport provides inspection services for vehicles of all kinds, including heavy trucks, through the use of the latest technologies and devices available. This includes the latest mobile testing apparatus, which provides on-location vehicle inspection services at all emirates in the UAE. We also offer the Al Maha system to check the exhaust, brakes, and tires.</p> </body>",
                "Road-side_Assistance": "  Road-side Assistance",
                "Save Changes": "Save Changes",
                "Select_Your_Country": "Select Your Country",
                "Select_timezone": "Select timezone",
                "Services_of_auction_vehicles": "Services of auction vehicles",
                "Social_Media": "Social Media",
                "State/Province": "State/Province",
                "Subject": "Subject",
                "Submit": "Submit",
                "Suggestions": "Suggestions",
                "Suzuki(3)": "Suzuki(3)",
                "TESLA(1)": "TESLA(1)",
                "Tax_Registration_Number": "Tax Registration Number",
                "Timezone": "Timezone",
                "Toyota(22)": "Toyota(22)",
                "Trade_Licence_Exp_Date": "Trade Licence Exp Date(YYYY-MM-DD)",
                "Trade_License_Number": "Trade License Number",
                "Unsold_Vehicles": "Unsold Vehicles",
                "Upload your ID": "Upload your ID",
                "UserName": "UserName",
                "User_Type": "User Type",
                "Welcome_To": "Welcome to",
                "Welcome_to_Ram_Auctions": "Welcome to Ram Auctions",
                "Whats new in RA": "Whats new in RA",
                "Would you like to receive SMS?": "Would you like to receive SMS?",
                "Would you like to receive the newsletter": "Would you like to receive the newsletter",
                "Yes": "Yes",
                "Your_inquiries_(500 characters only)": "Your inquiries (500 characters only)",
                "Zip/Postal code": "Zip/Postal code",
                "terms_and_conditions": "terms and conditions"
            },
            "isCustomLocale": false,
            "isSelected": true,
            "layoutConfig": {
                "mirrorContentAlignment": false,
                "mirrorFlexPositionProperties": false,
                "mirrorFlowHorizontalAlignment": false
            }
        }
    }
}