{
    "@class": "com.kony.gen.viz.model.component.KVizButton",
    "DNDConfig": null,
    "_height_": {
        "type": "string",
        "value": "40dp"
    },
    "_left_": {
        "type": "string",
        "value": "247dp"
    },
    "_margin_": [
        6,
        6,
        6,
        6
    ],
    "_padding_": [
        0,
        0,
        0,
        0
    ],
    "_skin_": "s7c9231e636f4e908a49ecb3d0f613bf",
    "_text_": "Button",
    "_top_": {
        "type": "string",
        "value": "10dp"
    },
    "_width_": {
        "type": "string",
        "value": "40dp"
    },
    "canUpdateUI": true,
    "containerweight": 100,
    "contentalignment": 5,
    "displaytext": true,
    "focusskin": "sd15e9b446ba4a50a9c07cb7e57c84a9",
    "id": "btnAutoBid",
    "info": null,
    "iscustomlayout": false,
    "isvisible": true,
    "kuid": "c56be4481e3d4f3da9b78fa88aac8a20",
    "name": "kony.ui.Button",
    "parent": "flxBid",
    "pf": "frmCarDetails",
    "retaincontentalignment": false,
    "retainflexpositionproperties": false,
    "wType": "Button",
    "zindex": 1
}