{
    "@class": "com.kony.gen.viz.model.component.KVizButton",
    "DNDConfig": null,
    "_height_": {
        "type": "string",
        "value": "40dp"
    },
    "_left_": {
        "type": "string",
        "value": "113dp"
    },
    "_margin_": [
        6,
        6,
        6,
        6
    ],
    "_padding_": [
        0,
        0,
        0,
        0
    ],
    "_skin_": "s8c5639c0cd044b1b440cc8e3c710107",
    "_text_": "Button",
    "_top_": {
        "type": "string",
        "value": "10dp"
    },
    "_width_": {
        "type": "string",
        "value": "80dp"
    },
    "canUpdateUI": true,
    "containerweight": 100,
    "contentalignment": 5,
    "displaytext": true,
    "focusskin": "sd15e9b446ba4a50a9c07cb7e57c84a9",
    "id": "btnBidNow",
    "info": null,
    "iscustomlayout": false,
    "isvisible": true,
    "kuid": "f0ea0b201096482e996169a70fc69e12",
    "name": "kony.ui.Button",
    "parent": "flxBid",
    "pf": "frmCarDetails",
    "retaincontentalignment": false,
    "retainflexpositionproperties": false,
    "wType": "Button",
    "zindex": 1
}