{
    "@class": "com.kony.gen.viz.model.component.KVizRichText",
    "DNDConfig": null,
    "_height_": {
        "type": "string",
        "value": "540dp"
    },
    "_left_": {
        "type": "string",
        "value": "5.00%"
    },
    "_margin_": [
        0,
        0,
        0,
        0
    ],
    "_padding_": [
        0,
        0,
        0,
        0
    ],
    "_skin_": "sb32c885ce6a472eac75d21e559d3e29",
    "_text_": "<body>\n  <div>\n    <p><strong>Odometer Reading:</strong> 234450 KM</p>\n    <p><strong>VIN:</strong> JTJHY00W8J4273243</p>\n    <p><strong>VAT Status:</strong> This vehicle is not subject to VAT</p>\n    <p><strong>Administration Fee:</strong> Administration fee will be applied to the final auction price</p>\n    <p><strong>Location:</strong> Dubai</p>\n    <p><strong>Payment Terms:</strong> After one week of payment</p>\n    <p><strong>Features:</strong></p>\n    <ul>\n      <li>Air conditioner</li>\n      <li>Spaces (Front/Back)</li>\n      <li>4 Wheel Drive</li>\n      <li>AM/FM Radio</li>\n    </ul>\n    <p><strong>Location Specific:</strong> Sharjah Juwaizaa</p>\n    <p><strong>Year:</strong> 2018</p>\n    <p><strong>Fuel Type:</strong> Petrol</p>\n    <p><strong>Transmission:</strong> Automatic</p>\n    <p><strong>Color:</strong> White</p>\n    <p><strong>Doors:</strong> 4</p>\n    <p><strong>Drive Type:</strong> Four-wheel drive</p>\n   \n  </div>\n</body>\n",
    "_top_": {
        "type": "string",
        "value": "80dp"
    },
    "_width_": {
        "type": "string",
        "value": "90%"
    },
    "_wrapping_": 2,
    "canUpdateUI": true,
    "containerweight": 100,
    "contentalignment": 4,
    "id": "CopyRichText0fc0be8d5112c4e",
    "info": null,
    "iscustomlayout": false,
    "isvisible": true,
    "kuid": "c092d84ce8614cabaaaa56e1501a9656",
    "linkskin": "s4bda27d37a8479092332acee59a9027",
    "name": "kony.ui.RichText",
    "parent": "flxCarDescription",
    "pf": "frmCarDetails",
    "retaincontentalignment": false,
    "retainflexpositionproperties": false,
    "wType": "RichText",
    "widgetalignment": 5,
    "zindex": 1
}