{
    "@class": "com.kony.gen.viz.model.component.KVizButton",
    "DNDConfig": null,
    "_height_": {
        "type": "string",
        "value": "40dp"
    },
    "_left_": {
        "type": "string",
        "value": "297dp"
    },
    "_margin_": [
        6,
        6,
        6,
        6
    ],
    "_padding_": [
        0,
        0,
        0,
        0
    ],
    "_skin_": "s3c884850f554ac7a2ab5fdfadab9549",
    "_text_": "Bids # 0",
    "_top_": {
        "type": "string",
        "value": "10dp"
    },
    "_width_": {
        "type": "string",
        "value": "70dp"
    },
    "canUpdateUI": true,
    "containerweight": 100,
    "contentalignment": 5,
    "displaytext": true,
    "focusskin": "sd15e9b446ba4a50a9c07cb7e57c84a9",
    "id": "CopyButton0f39a36eb00254a",
    "info": null,
    "iscustomlayout": false,
    "isvisible": true,
    "kuid": "e9a9f1b384b44c3996e90a472e73a776",
    "name": "kony.ui.Button",
    "parent": "flxBid",
    "pf": "frmCarDetails",
    "retaincontentalignment": false,
    "retainflexpositionproperties": false,
    "wType": "Button",
    "zindex": 1
}