{
    "@class": "com.kony.gen.viz.model.component.KVizButton",
    "DNDConfig": null,
    "_height_": {
        "type": "string",
        "value": "40dp"
    },
    "_left_": {
        "type": "string",
        "value": "150dp"
    },
    "_margin_": [
        6,
        6,
        6,
        6
    ],
    "_padding_": [
        0,
        0,
        0,
        0
    ],
    "_skin_": "s8c5639c0cd044b1b440cc8e3c710107",
    "_text_": "Bid Now",
    "_top_": {
        "type": "string",
        "value": "346dp"
    },
    "_width_": {
        "type": "string",
        "value": "100dp"
    },
    "canUpdateUI": true,
    "containerweight": 100,
    "contentalignment": 5,
    "displaytext": true,
    "focusskin": "sd15e9b446ba4a50a9c07cb7e57c84a9",
    "id": "CopybtnBidNow0ge982870608a44",
    "info": null,
    "iscustomlayout": false,
    "isvisible": true,
    "kuid": "bdaa9204d4c24481b9bb06b667415431",
    "name": "kony.ui.Button",
    "parent": "flxSmilarCarsMain",
    "pf": "frmCarDetails",
    "retaincontentalignment": false,
    "retainflexpositionproperties": false,
    "wType": "Button",
    "zindex": 1
}