{
    "DNDConfig": null,
    "_height_": {
        "type": "string",
        "value": "40%"
    },
    "_left_": {
        "type": "string",
        "value": "0dp"
    },
    "_margin_": [
        0,
        0,
        0,
        0
    ],
    "_orientation_": 6,
    "_padding_": [
        0,
        0,
        0,
        0
    ],
    "_percent_": true,
    "_skin_": "sbf775896b164af7ab42ba2376b23403",
    "_top_": {
        "type": "string",
        "value": "60%"
    },
    "_width_": {
        "type": "string",
        "value": "33%"
    },
    "allboxes": [],
    "autogrowmode": 0,
    "canUpdateUI": true,
    "children": [
        "img2"
    ],
    "clipbounds": false,
    "containerweight": 100,
    "enablescrolling": true,
    "id": "flx2",
    "ide_onClick": "AS_FlexContainer_ff93e2bc130d4f89889e7511f2a9ac18",
    "info": null,
    "iscustomlayout": false,
    "isvisible": true,
    "kuid": "caa94ae66f17459d8ae053ce50eefecf",
    "layouttype": 2,
    "name": "kony.ui.FlexContainer",
    "parent": "flxImages",
    "pf": "frmCarDetails",
    "retaincontentalignment": false,
    "retainflexpositionproperties": false,
    "retainflowhorizontalalignment": false,
    "snapgridsize": 10,
    "snaptogrid": true,
    "wType": "FlexContainer",
    "widgetalignment": 1,
    "zindex": 1
}