{
    "DNDConfig": null,
    "_height_": {
        "type": "string",
        "value": "120dp"
    },
    "_left_": {
        "type": "string",
        "value": "0dp"
    },
    "_margin_": [
        0,
        0,
        0,
        0
    ],
    "_orientation_": 6,
    "_padding_": [
        0,
        0,
        0,
        0
    ],
    "_percent_": true,
    "_skin_": "s04794c16c3f4be183aacf6d1dfa73fe",
    "_top_": {
        "type": "string",
        "value": "520dp"
    },
    "_width_": {
        "type": "string",
        "value": "390dp"
    },
    "allboxes": [],
    "autogrowmode": 0,
    "canUpdateUI": true,
    "children": [
        "ListBid",
        "btnBidNow",
        "btnLike",
        "btnAutoBid",
        "CopyButton0f39a36eb00254a",
        "flxTR"
    ],
    "clipbounds": true,
    "containerweight": 100,
    "enablescrolling": true,
    "id": "flxBid",
    "info": null,
    "iscustomlayout": false,
    "isvisible": true,
    "kuid": "d37da6237de54ce1970720debfa577b3",
    "layouttype": 2,
    "name": "kony.ui.FlexContainer",
    "parent": "flxMain",
    "pf": "frmCarDetails",
    "retaincontentalignment": false,
    "retainflexpositionproperties": false,
    "retainflowhorizontalalignment": false,
    "snapgridsize": 10,
    "snaptogrid": true,
    "wType": "FlexContainer",
    "widgetalignment": 1,
    "zindex": 1
}