{
    "DNDConfig": null,
    "_height_": {
        "type": "string",
        "value": "630dp"
    },
    "_left_": {
        "type": "string",
        "value": "0dp"
    },
    "_margin_": [
        0,
        0,
        0,
        0
    ],
    "_orientation_": 6,
    "_padding_": [
        0,
        0,
        0,
        0
    ],
    "_percent_": true,
    "_skin_": "s9b836d30eb347cab2e43b0b72b9e3ba",
    "_top_": {
        "type": "string",
        "value": "2263dp"
    },
    "_width_": {
        "type": "string",
        "value": "100%"
    },
    "allboxes": [],
    "autogrowmode": 0,
    "canUpdateUI": true,
    "children": [
        "CopyflxFeatures0i6318bc66a4044",
        "CopyRichText0fc0be8d5112c4e"
    ],
    "clipbounds": true,
    "containerweight": 100,
    "enablescrolling": true,
    "id": "flxCarDescription",
    "info": null,
    "iscustomlayout": false,
    "isvisible": true,
    "kuid": "cfec0aa0e6584cf4b6244d1bbf2af35c",
    "layouttype": 2,
    "name": "kony.ui.FlexContainer",
    "parent": "flxMain",
    "pf": "frmCarDetails",
    "retaincontentalignment": false,
    "retainflexpositionproperties": false,
    "retainflowhorizontalalignment": false,
    "snapgridsize": 10,
    "snaptogrid": true,
    "wType": "FlexContainer",
    "widgetalignment": 1,
    "zindex": 1
}