{
    "DNDConfig": null,
    "_height_": {
        "type": "string",
        "value": "207dp"
    },
    "_left_": {
        "type": "string",
        "value": "0dp"
    },
    "_margin_": [
        0,
        0,
        0,
        0
    ],
    "_orientation_": 6,
    "_padding_": [
        0,
        0,
        0,
        0
    ],
    "_percent_": true,
    "_skin_": "s9b836d30eb347cab2e43b0b72b9e3ba",
    "_top_": {
        "type": "string",
        "value": "2907dp"
    },
    "_width_": {
        "type": "string",
        "value": "100%"
    },
    "allboxes": [],
    "autogrowmode": 0,
    "canUpdateUI": true,
    "children": [
        "CopyflxFeatures0hce29895da364e",
        "Label0e7a217a0bb0e44",
        "lblCondition",
        "lblMilage",
        "CopylblCondition0a1630cb69a224e",
        "flxL",
        "flxA",
        "flxH",
        "flxLine",
        "flxLine2",
        "Label0cd2a64e8b5c043",
        "lblAvgkm",
        "CopylblAvgkm0h44b3fb1541544"
    ],
    "clipbounds": true,
    "containerweight": 100,
    "enablescrolling": true,
    "id": "flxConditionAnalysis",
    "info": null,
    "iscustomlayout": false,
    "isvisible": true,
    "kuid": "hfe52dad80e84f79955145144ac50663",
    "layouttype": 2,
    "name": "kony.ui.FlexContainer",
    "parent": "flxMain",
    "pf": "frmCarDetails",
    "retaincontentalignment": false,
    "retainflexpositionproperties": false,
    "retainflowhorizontalalignment": false,
    "snapgridsize": 10,
    "snaptogrid": true,
    "wType": "FlexContainer",
    "widgetalignment": 1,
    "zindex": 1
}