{
    "DNDConfig": null,
    "_height_": {
        "type": "string",
        "value": "443dp"
    },
    "_left_": {
        "type": "string",
        "value": "0dp"
    },
    "_margin_": [
        0,
        0,
        0,
        0
    ],
    "_orientation_": 6,
    "_padding_": [
        0,
        0,
        0,
        0
    ],
    "_percent_": true,
    "_skin_": "s2356d77ecef49aba3ff01fd7e733ef3",
    "_top_": {
        "type": "string",
        "value": "653dp"
    },
    "_width_": {
        "type": "string",
        "value": "100%"
    },
    "allboxes": [],
    "autogrowmode": 0,
    "canUpdateUI": true,
    "children": [
        "imgLocation",
        "lblLocation",
        "lblLocationName",
        "imgCal",
        "lblModelYear",
        "lblModelYearValue",
        "imgFuel",
        "lblFuelType",
        "lblFuelValue",
        "imgTransmission",
        "lblTransmission",
        "lblTransmissionValue",
        "imgColor",
        "lblColor",
        "lblColorValue",
        "imgDoors",
        "lblDoors",
        "lblDoorsValue"
    ],
    "clipbounds": true,
    "containerweight": 100,
    "enablescrolling": true,
    "id": "flxData2",
    "info": null,
    "iscustomlayout": false,
    "isvisible": true,
    "kuid": "ab878d7a98da4af7a4d44cd7953798d8",
    "layouttype": 2,
    "name": "kony.ui.FlexContainer",
    "parent": "flxMain",
    "pf": "frmCarDetails",
    "retaincontentalignment": false,
    "retainflexpositionproperties": false,
    "retainflowhorizontalalignment": false,
    "snapgridsize": 10,
    "snaptogrid": true,
    "wType": "FlexContainer",
    "widgetalignment": 1,
    "zindex": 1
}