{
    "DNDConfig": null,
    "_height_": {
        "type": "string",
        "value": "480dp"
    },
    "_left_": {
        "type": "string",
        "value": "0dp"
    },
    "_margin_": [
        0,
        0,
        0,
        0
    ],
    "_orientation_": 6,
    "_padding_": [
        0,
        0,
        0,
        0
    ],
    "_percent_": true,
    "_skin_": "sa40d114913b4887a4c873641828c2ae",
    "_top_": {
        "type": "string",
        "value": "1110dp"
    },
    "_width_": {
        "type": "string",
        "value": "100%"
    },
    "allboxes": [],
    "autogrowmode": 0,
    "canUpdateUI": true,
    "children": [
        "flxFeatures1",
        "flxId",
        "flxOwner",
        "flxModel",
        "flxLicencePlate",
        "flxColor",
        "flxYear",
        "flxType",
        "flxMake",
        "flxStatus",
        "flxMilage"
    ],
    "clipbounds": true,
    "containerweight": 100,
    "enablescrolling": true,
    "id": "flxFeatures",
    "info": null,
    "iscustomlayout": false,
    "isvisible": true,
    "kuid": "fcdd9dc76be44f62998985c31350a3ca",
    "layouttype": 2,
    "name": "kony.ui.FlexContainer",
    "parent": "flxMain",
    "pf": "frmCarDetails",
    "retaincontentalignment": false,
    "retainflexpositionproperties": false,
    "retainflowhorizontalalignment": false,
    "snapgridsize": 10,
    "snaptogrid": true,
    "wType": "FlexContainer",
    "widgetalignment": 1,
    "zindex": 1
}