{
    "DNDConfig": null,
    "_height_": {
        "type": "string",
        "value": "0.50%"
    },
    "_left_": {
        "type": "string",
        "value": "190dp"
    },
    "_margin_": [
        0,
        0,
        0,
        0
    ],
    "_orientation_": 6,
    "_padding_": [
        0,
        0,
        0,
        0
    ],
    "_percent_": true,
    "_skin_": "s143de8dafab460282f0bdb7fdb7ebea",
    "_top_": {
        "type": "string",
        "value": "129dp"
    },
    "_width_": {
        "type": "string",
        "value": "28%"
    },
    "allboxes": [],
    "autogrowmode": 0,
    "canUpdateUI": true,
    "children": [],
    "clipbounds": false,
    "containerweight": 100,
    "enablescrolling": true,
    "id": "flxLine2",
    "info": null,
    "iscustomlayout": false,
    "isvisible": true,
    "kuid": "fe61670de83142fea127da8f4c58deb5",
    "layouttype": 2,
    "name": "kony.ui.FlexContainer",
    "parent": "flxConditionAnalysis",
    "pf": "frmCarDetails",
    "retaincontentalignment": false,
    "retainflexpositionproperties": false,
    "retainflowhorizontalalignment": false,
    "snapgridsize": 10,
    "snaptogrid": true,
    "wType": "FlexContainer",
    "widgetalignment": 1,
    "zindex": 1
}