{
    "DNDConfig": null,
    "_height_": {
        "type": "string",
        "value": "20%"
    },
    "_left_": {
        "type": "string",
        "value": "22dp"
    },
    "_margin_": [
        0,
        0,
        0,
        0
    ],
    "_orientation_": 6,
    "_padding_": [
        0,
        0,
        0,
        0
    ],
    "_percent_": true,
    "_skin_": "s91e9146f3fe464c960ca3dc7bde2716",
    "_top_": {
        "type": "string",
        "value": "108dp"
    },
    "_width_": {
        "type": "string",
        "value": "10%"
    },
    "allboxes": [],
    "autogrowmode": 0,
    "canUpdateUI": true,
    "children": [
        "lblLow"
    ],
    "clipbounds": false,
    "containerweight": 100,
    "enablescrolling": true,
    "id": "flxL",
    "info": null,
    "iscustomlayout": false,
    "isvisible": true,
    "kuid": "a9b574eafc3e4447b37b6ed2a9221de3",
    "layouttype": 2,
    "name": "kony.ui.FlexContainer",
    "parent": "flxConditionAnalysis",
    "pf": "frmCarDetails",
    "retaincontentalignment": false,
    "retainflexpositionproperties": false,
    "retainflowhorizontalalignment": false,
    "snapgridsize": 10,
    "snaptogrid": true,
    "wType": "FlexContainer",
    "widgetalignment": 1,
    "zindex": 1
}