{
    "DNDConfig": null,
    "_height_": {
        "type": "string",
        "value": "40dp"
    },
    "_left_": {
        "type": "string",
        "value": "0%"
    },
    "_margin_": [
        0,
        0,
        0,
        0
    ],
    "_orientation_": 6,
    "_padding_": [
        0,
        0,
        0,
        0
    ],
    "_percent_": true,
    "_skin_": "sa35924c614c4c4ebc22f5fdf917c029",
    "_top_": {
        "type": "string",
        "value": "140dp"
    },
    "_width_": {
        "type": "string",
        "value": "100%"
    },
    "allboxes": [],
    "autogrowmode": 0,
    "canUpdateUI": true,
    "children": [
        "lblFeatureModel",
        "lblFeatureModelValue"
    ],
    "clipbounds": false,
    "containerweight": 100,
    "enablescrolling": true,
    "id": "flxModel",
    "info": null,
    "iscustomlayout": false,
    "isvisible": true,
    "kuid": "a2fbcc7b3a234fb182c4c36ecea783de",
    "layouttype": 2,
    "name": "kony.ui.FlexContainer",
    "parent": "flxFeatures",
    "pf": "frmCarDetails",
    "retaincontentalignment": false,
    "retainflexpositionproperties": false,
    "retainflowhorizontalalignment": false,
    "snapgridsize": 10,
    "snaptogrid": true,
    "wType": "FlexContainer",
    "widgetalignment": 1,
    "zindex": 1
}