{
    "DNDConfig": null,
    "_height_": {
        "type": "string",
        "value": "3787dp"
    },
    "_left_": {
        "type": "string",
        "value": "0dp"
    },
    "_margin_": [
        0,
        0,
        0,
        0
    ],
    "_orientation_": 6,
    "_padding_": [
        0,
        0,
        0,
        0
    ],
    "_percent_": true,
    "_skin_": "s80cf1091d4141098bc84e3784814f14",
    "_top_": {
        "type": "string",
        "value": "0dp"
    },
    "_width_": {
        "type": "string",
        "value": "390dp"
    },
    "allboxes": [],
    "autogrowmode": 0,
    "canUpdateUI": true,
    "children": [
        "FlxCarData",
        "flxBasicDetails",
        "flxBid",
        "flxData2",
        "flxFeatures",
        "flxVechileNote",
        "flxCarDescription",
        "flxConditionAnalysis",
        "flxSimilarCars",
        "Head",
        "Footerr"
    ],
    "clipbounds": true,
    "containerweight": 100,
    "enablescrolling": true,
    "id": "flxMain",
    "info": null,
    "iscustomlayout": false,
    "isvisible": true,
    "kuid": "b1b6d2ad06da41aeba7911be07399585",
    "layouttype": 2,
    "name": "kony.ui.FlexContainer",
    "parent": "flxScrollMain",
    "pf": "frmCarDetails",
    "retaincontentalignment": false,
    "retainflexpositionproperties": false,
    "retainflowhorizontalalignment": false,
    "snapgridsize": 10,
    "snaptogrid": true,
    "wType": "FlexContainer",
    "widgetalignment": 1,
    "zindex": 1
}