{
    "DNDConfig": null,
    "_height_": {
        "type": "string",
        "value": "40dp"
    },
    "_left_": {
        "type": "string",
        "value": "0%"
    },
    "_margin_": [
        0,
        0,
        0,
        0
    ],
    "_orientation_": 6,
    "_padding_": [
        0,
        0,
        0,
        0
    ],
    "_percent_": true,
    "_skin_": "s44cef3601c240d2b1dfe88a1dbf3ca8",
    "_top_": {
        "type": "string",
        "value": "100dp"
    },
    "_width_": {
        "type": "string",
        "value": "100%"
    },
    "allboxes": [],
    "autogrowmode": 0,
    "canUpdateUI": true,
    "children": [
        "lblFeatureOwner",
        "lblFeatureOwnerValue"
    ],
    "clipbounds": false,
    "containerweight": 100,
    "enablescrolling": true,
    "id": "flxOwner",
    "info": null,
    "iscustomlayout": false,
    "isvisible": true,
    "kuid": "j4bfa55d9af840f899252a8a3677a65c",
    "layouttype": 2,
    "name": "kony.ui.FlexContainer",
    "parent": "flxFeatures",
    "pf": "frmCarDetails",
    "retaincontentalignment": false,
    "retainflexpositionproperties": false,
    "retainflowhorizontalalignment": false,
    "snapgridsize": 10,
    "snaptogrid": true,
    "wType": "FlexContainer",
    "widgetalignment": 1,
    "zindex": 1
}