{
    "DNDConfig": null,
    "_height_": {
        "type": "string",
        "value": "180dp"
    },
    "_left_": {
        "type": "string",
        "value": "0dp"
    },
    "_margin_": [
        0,
        0,
        0,
        0
    ],
    "_orientation_": 6,
    "_padding_": [
        0,
        0,
        0,
        0
    ],
    "_percent_": true,
    "_skin_": "s80cf1091d4141098bc84e3784814f14",
    "_top_": {
        "type": "string",
        "value": "0dp"
    },
    "_width_": {
        "type": "string",
        "value": "100%"
    },
    "allboxes": [],
    "autogrowmode": 0,
    "canUpdateUI": true,
    "children": [
        "imgSimilarCar",
        "flxSimilarCarName"
    ],
    "clipbounds": false,
    "containerweight": 100,
    "enablescrolling": true,
    "id": "flxSimalarCarsImg",
    "info": null,
    "iscustomlayout": false,
    "isvisible": true,
    "kuid": "f7c665d19e994bfaaedc9a0c0c527d22",
    "layouttype": 2,
    "name": "kony.ui.FlexContainer",
    "parent": "flxSmilarCarsMain",
    "pf": "frmCarDetails",
    "retaincontentalignment": false,
    "retainflexpositionproperties": false,
    "retainflowhorizontalalignment": false,
    "snapgridsize": 10,
    "snaptogrid": true,
    "wType": "FlexContainer",
    "widgetalignment": 1,
    "zindex": 1
}