{
    "DNDConfig": null,
    "_height_": {
        "type": "string",
        "value": "403dp"
    },
    "_left_": {
        "type": "string",
        "value": "0dp"
    },
    "_margin_": [
        0,
        0,
        0,
        0
    ],
    "_orientation_": 6,
    "_padding_": [
        0,
        0,
        0,
        0
    ],
    "_percent_": true,
    "_skin_": "sfbbd6c3deea49808a1058dde675d31c",
    "_top_": {
        "type": "string",
        "value": "60dp"
    },
    "_width_": {
        "type": "string",
        "value": "100%"
    },
    "allboxes": [],
    "autogrowmode": 0,
    "canUpdateUI": true,
    "children": [
        "flxSimalarCarsImg",
        "lblSimilarCarsTime",
        "lblSimilarCarsTimeValue",
        "lblSimilarCarsId",
        "lblSimilarCarsPrice",
        "lblSimilarCarsMilage",
        "lblSimilarCarsBidValue",
        "btnSimilarCarsLike",
        "btnSimilarCarsBid",
        "CopybtnBidNow0ge982870608a44",
        "CopyListBid0db113960e40647"
    ],
    "clipbounds": false,
    "containerweight": 100,
    "enablescrolling": true,
    "id": "flxSmilarCarsMain",
    "info": null,
    "iscustomlayout": false,
    "isvisible": true,
    "kuid": "c4046db7359b4236b0b7bbb10144baf1",
    "layouttype": 2,
    "name": "kony.ui.FlexContainer",
    "parent": "flxSimilarCars",
    "pf": "frmCarDetails",
    "retaincontentalignment": false,
    "retainflexpositionproperties": false,
    "retainflowhorizontalalignment": false,
    "snapgridsize": 10,
    "snaptogrid": true,
    "wType": "FlexContainer",
    "widgetalignment": 1,
    "zindex": 1
}