{
    "DNDConfig": null,
    "_height_": {
        "type": "string",
        "value": "25%"
    },
    "_left_": {
        "type": "string",
        "value": "10%"
    },
    "_margin_": [
        0,
        0,
        0,
        0
    ],
    "_orientation_": 6,
    "_padding_": [
        0,
        0,
        0,
        0
    ],
    "_percent_": true,
    "_skin_": "s3f1f73558e64d36806c4191f91c0f9a",
    "_top_": {
        "type": "string",
        "value": "75%"
    },
    "_width_": {
        "type": "string",
        "value": "80%"
    },
    "allboxes": [],
    "autogrowmode": 0,
    "canUpdateUI": true,
    "centerx": {
        "type": "string",
        "value": "50%"
    },
    "children": [
        "lblSimilarCarName"
    ],
    "clipbounds": false,
    "containerweight": 100,
    "enablescrolling": true,
    "id": "flxSimilarCarName",
    "info": null,
    "iscustomlayout": false,
    "isvisible": true,
    "kuid": "e3e736e7123841a294596d07a5e9345c",
    "layouttype": 2,
    "name": "kony.ui.FlexContainer",
    "parent": "flxSimalarCarsImg",
    "pf": "frmCarDetails",
    "retaincontentalignment": false,
    "retainflexpositionproperties": false,
    "retainflowhorizontalalignment": false,
    "snapgridsize": 10,
    "snaptogrid": true,
    "wType": "FlexContainer",
    "widgetalignment": 1,
    "zindex": 1
}