{
    "@class": "com.kony.gen.viz.model.component.KVizUserWidget",
    "DNDConfig": null,
    "_children_": [],
    "_height_": {
        "type": "string",
        "value": "170dp"
    },
    "_left_": {
        "type": "string",
        "value": "0dp"
    },
    "_margin_": [
        0,
        0,
        0,
        0
    ],
    "_orientation_": 1,
    "_padding_": [
        0,
        0,
        0,
        0
    ],
    "_percent_": true,
    "_skin_": "s83c458cf4494cadb925c24a8c8acbe3",
    "_top_": {
        "type": "string",
        "value": "3623dp"
    },
    "_width_": {
        "type": "string",
        "value": "100%"
    },
    "areflexpropsreferenced": false,
    "autogrowmode": 0,
    "canUpdateUI": true,
    "clipbounds": true,
    "containerweight": 0,
    "dataDiffs": {
        "CopyFlexContainer0a8dfecedd00b48": {
            "__events__": {},
            "__info__": {
                "kuid": "a92ddc9c49f743809061ffb92c94f8d3",
                "srcKUID": "h8255ad7749f40859b4a5bef662ec05d",
                "wType": "FlexContainer"
            }
        },
        "CopyFlexContainer0e0af5ff53c824a": {
            "__events__": {},
            "__info__": {
                "kuid": "bb33b05a72904ced8ba63fe24e7796af",
                "srcKUID": "d92773dd9b4b4cccaad72914158a96b5",
                "wType": "FlexContainer"
            }
        },
        "CopyFlexContainer0eba0ddb376154e": {
            "__events__": {},
            "__info__": {
                "kuid": "a96cd9a590c94cc7a911097b3f793e6a",
                "srcKUID": "ddb5c65001d94001b6d7ceb1a3203b89",
                "wType": "FlexContainer"
            }
        },
        "CopyFlexContainer0h39fa03392594c": {
            "__events__": {},
            "__info__": {
                "kuid": "gc8dbbffa9924316ac38830f8410a61c",
                "srcKUID": "j5d78acb758745598d3ee7caeb073a2e",
                "wType": "FlexContainer"
            }
        },
        "CopyImage0ad7909a5939d42": {
            "__events__": {},
            "__info__": {
                "kuid": "ad4bd261f6f24732b46268a052e92eff",
                "srcKUID": "g153ca67a7794ed0a47b863aa5924966",
                "wType": "Image"
            }
        },
        "CopyImage0e5482903279943": {
            "__events__": {},
            "__info__": {
                "kuid": "ce622410df84416eb340d95163461aca",
                "srcKUID": "h571cf187d734f53a6e6cce7094ccc52",
                "wType": "Image"
            }
        },
        "CopyImage0f893606179d24e": {
            "__events__": {},
            "__info__": {
                "kuid": "ic7c2a0b9c684e9dba888266ff2206db",
                "srcKUID": "fdae1c6e7502442581ce6899876b04e4",
                "wType": "Image"
            }
        },
        "CopyImage0g28eec2c485d4b": {
            "__events__": {},
            "__info__": {
                "kuid": "b10a654ab3684efcafbaaa911c2f1f53",
                "srcKUID": "cdfe3215a29f46b7a06b620df2b230ad",
                "wType": "Image"
            }
        },
        "CopyLabel0d96e4ab44cf540": {
            "__events__": {},
            "__info__": {
                "kuid": "a9da1b85b52341dfb347320fb7c1bd8e",
                "srcKUID": "de6d567d6b204aa2b2cf634881400e74",
                "wType": "Label"
            }
        },
        "Footerr": {
            "__events__": {},
            "__info__": {
                "isRoot": true,
                "kuid": "d2d71e6241f94d70823d747cefec7262",
                "srcKUID": "aa964b2cc703400796f8fefff6876641",
                "wType": "FlexContainer"
            },
            "autogrowMode": {
                "Default": 0
            },
            "height": {
                "Default": {
                    "type": "string",
                    "value": "170dp"
                }
            },
            "left": {
                "Default": {
                    "type": "string",
                    "value": "0dp"
                }
            },
            "top": {
                "Default": {
                    "type": "string",
                    "value": "3623dp"
                }
            }
        },
        "Image0a2801436432e42": {
            "__events__": {},
            "__info__": {
                "kuid": "h108b921227542f1881ac5a3eca0fafe",
                "srcKUID": "e3465eaf302d4bd398e269714bc71337",
                "wType": "Image"
            }
        },
        "Label0g6dff7379a0b47": {
            "__events__": {},
            "__info__": {
                "kuid": "b405289e1e6147929dc66172a766882f",
                "srcKUID": "fa9c871bdad34a6aa31d252560c10677",
                "wType": "Label"
            }
        },
        "flxCompanyName": {
            "__events__": {},
            "__info__": {
                "kuid": "h5aab1b06aa54da7a05950acea5307b0",
                "srcKUID": "d9bf3b59bb3743948b485a9134d62562",
                "wType": "FlexContainer"
            }
        },
        "flxContact": {
            "__events__": {},
            "__info__": {
                "kuid": "a483807af99a4e9a9d62cd70e69a69e8",
                "srcKUID": "d028d9f01a574d84865d151f813d8a36",
                "wType": "FlexContainer"
            }
        },
        "flxSocialMedia": {
            "__events__": {},
            "__info__": {
                "kuid": "dc2d33e0203042578f114d86e0a825d9",
                "srcKUID": "f2a9f2922d734ad58813e0f08d5b17ad",
                "wType": "FlexContainer"
            }
        },
        "lblAllRights": {
            "__events__": {},
            "__info__": {
                "kuid": "cccae1da5a5b4770b9d4e738d523910e",
                "srcKUID": "g37c0dfbbd234543a21d281498579b57",
                "wType": "Label"
            }
        },
        "lblCallcenter": {
            "__events__": {},
            "__info__": {
                "kuid": "d179a8d0011043a3ab3db151e8a643c5",
                "srcKUID": "b1a4c58c3c454a7f9ca50d4edb9ca59d",
                "wType": "Label"
            }
        },
        "lblCompanyMail": {
            "__events__": {},
            "__info__": {
                "kuid": "a46ef4e7b8254436a03393269e8bd57d",
                "srcKUID": "e7f38b0058434b85a6fde2d9af67e3f1",
                "wType": "Label"
            }
        },
        "lblSocialMedia": {
            "__events__": {},
            "__info__": {
                "kuid": "h587827c1488426a9bcfdb3ca89e5187",
                "srcKUID": "c3a424fbd824459ebdbcff6ea6a7c381",
                "wType": "Label"
            }
        }
    },
    "enablescrolling": true,
    "id": "Footerr",
    "info": null,
    "iscustomlayout": false,
    "isdatareferenced": false,
    "isvisible": true,
    "kuid": "d2d71e6241f94d70823d747cefec7262",
    "layouttype": 2,
    "masterType": 0,
    "name": "kony.ui.UserWidgetInstance",
    "parent": "flxMain",
    "pf": "frmCarDetails",
    "retaincontentalignment": false,
    "retainflexpositionproperties": false,
    "retainflowhorizontalalignment": false,
    "snapgridsize": 10,
    "snaptogrid": true,
    "sourceUserWidget": "aa964b2cc703400796f8fefff6876641",
    "wType": "UserWidgetInstance",
    "zindex": 1
}