{
    "@class": "com.kony.gen.viz.model.component.KVizUserWidget",
    "DNDConfig": null,
    "_children_": [],
    "_height_": {
        "type": "string",
        "value": "100%"
    },
    "_left_": {
        "type": "string",
        "value": "0dp"
    },
    "_margin_": [
        0,
        0,
        0,
        0
    ],
    "_orientation_": 1,
    "_padding_": [
        0,
        0,
        0,
        0
    ],
    "_percent_": true,
    "_skin_": "s80cf1091d4141098bc84e3784814f14",
    "_top_": {
        "type": "string",
        "value": "0dp"
    },
    "_width_": {
        "type": "string",
        "value": "100%"
    },
    "areflexpropsreferenced": false,
    "autogrowmode": 0,
    "canUpdateUI": true,
    "clipbounds": false,
    "containerweight": 0,
    "dataDiffs": {
        "CopyLabel0a616eddc31e846": {
            "__events__": {},
            "__info__": {
                "kuid": "baeb7208c9ef475f84c5a74a39e9ece5",
                "srcKUID": "e592a4529ad9441a8400ecc62114378d",
                "wType": "Label"
            }
        },
        "CopyLabel0bb044ec3058541": {
            "__events__": {},
            "__info__": {
                "kuid": "ac526cb92e8a4aa7b6ee5c0e75ec73c5",
                "srcKUID": "fbcdfc29d0764806a5cecc8cbe0a4ae4",
                "wType": "Label"
            }
        },
        "CopyLabel0ea6deefb2f2f43": {
            "__events__": {},
            "__info__": {
                "kuid": "eaafe4cd7f8a416db52ff48a068f78f7",
                "srcKUID": "c856cd3baa82472fa24d1e2adfd1404a",
                "wType": "Label"
            }
        },
        "CopyLabel0g7fd5b18811c48": {
            "__events__": {},
            "__info__": {
                "kuid": "c194c86392a54b5397440e5ca15192a9",
                "srcKUID": "e0938476b7b6449ca0b648dc97d8785a",
                "wType": "Label"
            }
        },
        "CopyflxTittle0j295eccc0c8346": {
            "__events__": {},
            "__info__": {
                "kuid": "fce2863834e946e5be9a04234c51da0a",
                "srcKUID": "i60ba93e218f47e286afd579c9a1ab3c",
                "wType": "FlexContainer"
            }
        },
        "CopyimageRA0b12754ce40284b": {
            "__events__": {},
            "__info__": {
                "kuid": "c73eec45792441fd8ab89ab22e728ad6",
                "srcKUID": "db4215575bf34fc68ec6c40e51cec0bd",
                "wType": "Image"
            }
        },
        "CopyimageRA0b5c33e808cff4e": {
            "__events__": {},
            "__info__": {
                "kuid": "d132c2ba6cd04649a94637bc56cf5238",
                "srcKUID": "c29e03a7736f4d31a0ba9f4a9dfa4f4d",
                "wType": "Image"
            }
        },
        "CopyimageRA0d27ecba928f04b": {
            "__events__": {},
            "__info__": {
                "kuid": "d3839554554e445f9ac142e05ee3beb6",
                "srcKUID": "gc5845df1b0b4701a6a9985a7f677ced",
                "wType": "Image"
            }
        },
        "CopyimageRA0de291efb3aa046": {
            "__events__": {},
            "__info__": {
                "kuid": "f1449be2030e45258354511397988cd7",
                "srcKUID": "f51042d7334b4a6c903c454f2d5658fb",
                "wType": "Image"
            }
        },
        "Head": {
            "__events__": {},
            "__info__": {
                "isRoot": true,
                "kuid": "jcb7fd32483c4e8bbd7fdb0351c7b1cc",
                "srcKUID": "f571f6c2e7bd4ebd9ebe009fe6b00f44",
                "wType": "FlexContainer"
            },
            "autogrowMode": {
                "Default": 0
            },
            "bottom": {
                "Default": {
                    "type": "string",
                    "value": ""
                }
            },
            "centerX": {
                "Default": {
                    "type": "string",
                    "value": ""
                }
            },
            "centerY": {
                "Default": {
                    "type": "string",
                    "value": ""
                }
            },
            "height": {
                "Default": {
                    "type": "string",
                    "value": "100%"
                }
            },
            "left": {
                "Default": {
                    "type": "string",
                    "value": "0dp"
                }
            },
            "maxHeight": {
                "Default": {
                    "type": "string",
                    "value": ""
                }
            },
            "maxWidth": {
                "Default": {
                    "type": "string",
                    "value": ""
                }
            },
            "minHeight": {
                "Default": {
                    "type": "string",
                    "value": ""
                }
            },
            "minWidth": {
                "Default": {
                    "type": "string",
                    "value": ""
                }
            },
            "right": {
                "Default": {
                    "type": "string",
                    "value": ""
                }
            },
            "top": {
                "Default": {
                    "type": "string",
                    "value": "0dp"
                }
            },
            "width": {
                "Default": {
                    "type": "string",
                    "value": "100%"
                }
            }
        },
        "btnChangeLang": {
            "__events__": {},
            "__info__": {
                "kuid": "afd2d79697a9494db956d750a3650f02",
                "srcKUID": "a53ec3cc50cb4dee8897ba631c4e7311",
                "wType": "Button"
            }
        },
        "btnLogin": {
            "__events__": {},
            "__info__": {
                "kuid": "aecfb147708641368bfc50e384818aa3",
                "srcKUID": "ffe90c37ca4e449c814b8d657fc28115",
                "wType": "Button"
            }
        },
        "btnLogout": {
            "__events__": {},
            "__info__": {
                "kuid": "ce0087b24ef64ca989b1c8f42315de1a",
                "srcKUID": "af2c2f73d65e4179977394c2ac1a1af5",
                "wType": "Button"
            }
        },
        "btnMyAccount": {
            "__events__": {},
            "__info__": {
                "kuid": "eefed0b05bd740c89d52a643cf131126",
                "srcKUID": "ce4b031bb775441f91e30eb9e1d82514",
                "wType": "Button"
            }
        },
        "btnRegistration": {
            "__events__": {},
            "__info__": {
                "kuid": "fb0e2b9a323c4a0489343396a98538d5",
                "srcKUID": "a5db1f33367c4db58447fddb30ec1f0a",
                "wType": "Button"
            }
        },
        "flx1": {
            "__events__": {},
            "__info__": {
                "kuid": "e3130fc88bcd48b692ec509404b0d948",
                "srcKUID": "ja02bddf3f7d4e599c0d0792b473bdc5",
                "wType": "FlexContainer"
            }
        },
        "flx2": {
            "__events__": {},
            "__info__": {
                "kuid": "j81ef5b5686149b68010242675a9273e",
                "srcKUID": "e40f570acac74cf280e95be7c5d51650",
                "wType": "FlexContainer"
            }
        },
        "flx3": {
            "__events__": {},
            "__info__": {
                "kuid": "ac9f6c7afad249f1850149dcea3f1020",
                "srcKUID": "d0ea16f06d2043858ca90994c6f50776",
                "wType": "FlexContainer"
            }
        },
        "flx4": {
            "__events__": {},
            "__info__": {
                "kuid": "c8f4c05fe1314b25be7409167d65da3d",
                "srcKUID": "f08375d3d68a4027a274a5e641629932",
                "wType": "FlexContainer"
            }
        },
        "flx5": {
            "__events__": {},
            "__info__": {
                "kuid": "c4ea21f6d1f9476da62697c65dd41120",
                "srcKUID": "h502801a8c7949daaf77060770954506",
                "wType": "FlexContainer"
            }
        },
        "flx6": {
            "__events__": {},
            "__info__": {
                "kuid": "bc6e51c0a64c4ff2bddd75895e12f3bf",
                "srcKUID": "b82bbfde97914b50bbb1d42bd471dc4a",
                "wType": "FlexContainer"
            }
        },
        "flxHamberger": {
            "__events__": {},
            "__info__": {
                "kuid": "a3b04e032d7540e0bcf3484f40776c9b",
                "srcKUID": "jfbb4ee272af499ea9a31f42e34ea54c",
                "wType": "FlexContainer"
            },
            "clipBounds": true
        },
        "flxHeader": {
            "__events__": {},
            "__info__": {
                "kuid": "d2133156b504491eb462e607e8d9e03e",
                "srcKUID": "cbaaa1e325eb487ab4e347d79a6a016c",
                "wType": "FlexContainer"
            },
            "autogrowMode": {
                "Default": 0
            },
            "clipBounds": true,
            "height": {
                "Default": {
                    "type": "string",
                    "value": "60dp"
                }
            },
            "width": {
                "Default": {
                    "type": "string",
                    "value": "390dp"
                }
            }
        },
        "flxLogOut": {
            "__events__": {},
            "__info__": {
                "kuid": "e34452eda590450a93485e9bc7113874",
                "srcKUID": "i1c7bdb5004046ce9e96df8c07547a7d",
                "wType": "FlexContainer"
            }
        },
        "flxLogin": {
            "__events__": {},
            "__info__": {
                "kuid": "f912ccf936b2467187b441907f43f30d",
                "srcKUID": "c11c04edd603459fa5ccf61e8d108a12",
                "wType": "FlexContainer"
            }
        },
        "flxMenu": {
            "__events__": {},
            "__info__": {
                "kuid": "c9de28e45ca14b75b8626ad60807b14c",
                "srcKUID": "afce86dbe0994f609650b3cebbc00155",
                "wType": "FlexContainer"
            }
        },
        "lblAboutCompany": {
            "__events__": {},
            "__info__": {
                "kuid": "fea3c2e303e846e499c4d80c0b103c35",
                "srcKUID": "ic28fc624a344802ae0e8b0668f4fd16",
                "wType": "Label"
            }
        },
        "lblAuctionGuide": {
            "__events__": {},
            "__info__": {
                "kuid": "d037aad91ee8406693d238c4e4b602a8",
                "srcKUID": "beb228f7e44c43a7b7112b34423c59dd",
                "wType": "Label"
            }
        },
        "lblContactUs": {
            "__events__": {},
            "__info__": {
                "kuid": "a245a1513113473db2fb4fd950bcda45",
                "srcKUID": "aab8360c79ab48d18a5ca1ab0dfe063f",
                "wType": "Label"
            }
        },
        "lblDirectSale": {
            "__events__": {},
            "__info__": {
                "kuid": "idd6e534b6f64c4eafa54ca53d497556",
                "srcKUID": "e7e34111aa2547778aa4ba48dd81577a",
                "wType": "Label"
            }
        },
        "lblHome": {
            "__events__": {},
            "__info__": {
                "kuid": "j1a8f77e7d194057ae1fe28e563f08ad",
                "srcKUID": "b6bdb847363e419bb6cd9ef24bd68056",
                "wType": "Label"
            }
        },
        "lblOnlineAuction": {
            "__events__": {},
            "__info__": {
                "kuid": "j29d0d48ac644c369599e8a6d41a8043",
                "srcKUID": "a696874e2dcf420e8bffb8e86cc1c982",
                "wType": "Label"
            }
        }
    },
    "enablescrolling": true,
    "id": "Head",
    "info": null,
    "iscustomlayout": false,
    "isdatareferenced": false,
    "isvisible": true,
    "kuid": "jcb7fd32483c4e8bbd7fdb0351c7b1cc",
    "layouttype": 2,
    "masterType": 0,
    "name": "kony.ui.UserWidgetInstance",
    "parent": "flxMain",
    "pf": "frmCarDetails",
    "retaincontentalignment": false,
    "retainflexpositionproperties": false,
    "retainflowhorizontalalignment": false,
    "snapgridsize": 10,
    "snaptogrid": true,
    "sourceUserWidget": "f571f6c2e7bd4ebd9ebe009fe6b00f44",
    "wType": "UserWidgetInstance",
    "zindex": 1
}