{
    "@class": "com.kony.gen.viz.model.component.KVizImage2",
    "DNDConfig": null,
    "_base64_": null,
    "_height_": {
        "type": "string",
        "value": "84dp"
    },
    "_left_": {
        "type": "string",
        "value": "49dp"
    },
    "_margin_": [
        0,
        0,
        0,
        0
    ],
    "_padding_": [
        0,
        0,
        0,
        0
    ],
    "_skin_": "sfc6e9bf56c94b16b0f6783407704d57",
    "_src_": "color1.png",
    "_top_": {
        "type": "string",
        "value": "303dp"
    },
    "_width_": {
        "type": "string",
        "value": "116dp"
    },
    "canUpdateUI": true,
    "containerweight": 100,
    "id": "imgColor",
    "imagescalemode": 0,
    "info": null,
    "iscustomlayout": false,
    "isvisible": true,
    "kuid": "g161c9d814b84137a27b99f247ffb152",
    "name": "kony.ui.Image2",
    "parent": "flxData2",
    "pf": "frmCarDetails",
    "retaincontentalignment": false,
    "retainflexpositionproperties": false,
    "srcType": 1,
    "wType": "Image",
    "widgetalignment": 5,
    "zindex": 1
}