{
    "@class": "com.kony.gen.viz.model.component.KVizImage2",
    "DNDConfig": null,
    "_base64_": null,
    "_height_": {
        "type": "string",
        "value": "73dp"
    },
    "_left_": {
        "type": "string",
        "value": "250dp"
    },
    "_margin_": [
        0,
        0,
        0,
        0
    ],
    "_padding_": [
        0,
        0,
        0,
        0
    ],
    "_skin_": "sfc6e9bf56c94b16b0f6783407704d57",
    "_src_": "transmissionnew.png",
    "_top_": {
        "type": "string",
        "value": "171dp"
    },
    "_width_": {
        "type": "string",
        "value": "84dp"
    },
    "canUpdateUI": true,
    "containerweight": 100,
    "id": "imgTransmission",
    "imagescalemode": 0,
    "info": null,
    "iscustomlayout": false,
    "isvisible": true,
    "kuid": "jc2ce066c9324adf9d4df88591a21644",
    "name": "kony.ui.Image2",
    "parent": "flxData2",
    "pf": "frmCarDetails",
    "retaincontentalignment": false,
    "retainflexpositionproperties": false,
    "srcType": 1,
    "wType": "Image",
    "widgetalignment": 5,
    "zindex": 1
}