{
    "@class": "com.kony.gen.viz.model.component.KVizListBox",
    "DNDConfig": null,
    "_height_": {
        "type": "string",
        "value": "40dp"
    },
    "_left_": {
        "type": "number",
        "value": "5"
    },
    "_margin_": [
        0,
        0,
        0,
        0
    ],
    "_padding_": [
        3,
        0,
        0,
        0
    ],
    "_placeholder_": "Please Select",
    "_right_": {
        "type": "string",
        "value": "0"
    },
    "_skin_": "s6135c23abc9415fa3d32ad3156cde8c",
    "_top_": {
        "type": "string",
        "value": "10dp"
    },
    "_width_": {
        "type": "string",
        "value": "100dp"
    },
    "canUpdateUI": true,
    "containerweight": 100,
    "contentalignment": 4,
    "dropdownimage": "listbox__1_2.png",
    "focusskin": "sc601fa51d714a05ab07a779a1ef72bd",
    "groupcells": false,
    "id": "ListBid",
    "info": null,
    "iscustomlayout": false,
    "isvisible": true,
    "kuid": "b606d20c6ade4749b91235f1fd8b99bb",
    "masterdata": [
        [
            "lb1",
            "Select Bid"
        ],
        [
            "lb2",
            "200"
        ],
        [
            "lb3",
            "500"
        ],
        [
            "lb4",
            "1000"
        ],
        [
            "lb5",
            "3000"
        ],
        [
            "lb6",
            "5000"
        ]
    ],
    "name": "kony.ui.ListBox",
    "parent": "flxBid",
    "pf": "frmCarDetails",
    "retaincontentalignment": false,
    "retainflexpositionproperties": false,
    "selectedkey": "lb1",
    "selectedkeys": null,
    "selectedkeyvalue": [
        "lb1",
        "Select Bid"
    ],
    "selectedkeyvalues": null,
    "size": 18,
    "viewconfig": {
        "toggleViewConfig": {
            "viewStyle": 0
        }
    },
    "viewtype": 0,
    "wType": "ListBox",
    "zindex": 1
}