{
    "@class": "com.kony.gen.viz.model.component.KVizRichText",
    "DNDConfig": null,
    "_height_": {
        "type": "string",
        "value": "553dp"
    },
    "_left_": {
        "type": "string",
        "value": "5%"
    },
    "_margin_": [
        0,
        0,
        0,
        0
    ],
    "_padding_": [
        0,
        0,
        0,
        0
    ],
    "_skin_": "sd49354d25d843bbae29937ff086cd15",
    "_text_": "<body>\n    <p>Please be advised that the completion of the sale is subject to management approval. You will receive a response from management either approving or rejecting the sale within 2 to 21 working days, which may be extended depending on the vehicle's condition.</p>\n\n    <p>An additional fee of 250 dirhams will be charged per vehicle in the event of a technical condition inspection.</p>\n\n    <p>All vehicles are sold as-is, according to the terms and conditions listed on the website.</p>\n\n    <p>A fine of 20 dirhams for light vehicles and 50 dirhams for heavy vehicles and buses will be imposed if the vehicle is not collected within seven days after the sale approval notification.</p>\n\n    <p>An administrative fee of 300 dirhams will be applied for motorcycles, 380 dirhams for light vehicles, and 480 dirhams for heavy vehicles.</p>\n</body>\n",
    "_top_": {
        "type": "string",
        "value": "70dp"
    },
    "_width_": {
        "type": "string",
        "value": "90%"
    },
    "_wrapping_": 2,
    "canUpdateUI": true,
    "containerweight": 100,
    "contentalignment": 4,
    "id": "RichText0eeab766f8e3942",
    "info": null,
    "iscustomlayout": false,
    "isvisible": true,
    "kuid": "a61f047d318a4285a236e33b033973fd",
    "linkskin": "s4bda27d37a8479092332acee59a9027",
    "name": "kony.ui.RichText",
    "parent": "flxVechileNote",
    "pf": "frmCarDetails",
    "retaincontentalignment": false,
    "retainflexpositionproperties": false,
    "wType": "RichText",
    "widgetalignment": 5,
    "zindex": 1
}