{
    "AS_FlexContainer_j6748b6af47e4aea88f868329bd1fc3d": {
        "id": "AS_FlexContainer_j6748b6af47e4aea88f868329bd1fc3d",
        "type": "ACTION_SEQUENCE",
        "params": [{
            "datatype": "collection",
            "name": "eventobject"
        }],
        "contextObj": {
            "name": "frmCarDetails",
            "type": "forms",
            "platform": "",
            "KUID": "bd21b621b8a54248994bc20dd544ea33"
        },
        "language": "js",
        "eventType": "onClick",
        "actions": [{
            "id": "NAVIGATE_TO_FORM__be4d70674cde40358bb938de769bdf23",
            "type": "NAVIGATE_TO_FORM",
            "formId": "frmCarImages",
            "formKUID": "ccc8658c0c154233a2e9176bf063070a",
            "projectName": "RamAuctions",
            "mappings": {
                "ME_Mapping_bf3b1f4a605440d0b2f88655bcd564fa": {
                    "channel": "mobile",
                    "id": "ME_Mapping_bf3b1f4a605440d0b2f88655bcd564fa",
                    "type": "MAPPING",
                    "callbackType": null,
                    "rectified": true,
                    "source": {
                        "type": "Forms",
                        "propertyName": "base64",
                        "propertyKey": "img1_base64",
                        "widgetId": "img1",
                        "widgetPath": "this.view.img1",
                        "widgetType": "Image",
                        "dataType": "string",
                        "itemId": "frmCarDetails",
                        "widgetKUID": "j5827a7b52f1497ebf8d6607957cd0ac",
                        "itemKUID": "bd21b621b8a54248994bc20dd544ea33",
                        "forkedPlatform": "all"
                    },
                    "target": {
                        "forkedPlatform": "all"
                    }
                }
            },
            "mappingsOrder": ["ME_Mapping_bf3b1f4a605440d0b2f88655bcd564fa"],
            "enableMappingEditor": true,
            "package": "",
            "enableNavigationObj": true,
            "navigationObj": "{\n    \"img1_base64\": self.view.img1.base64,\n    \"_meta_\": {\n        \"eventName\": \"onClick\",\n        \"widgetId\": \"flx1\"\n    }\n}",
            "isCustomInput": false
        }]
    }
}