{
    "AS_Form_ceb4059fe87144029a904fc08752b4cd": {
        "id": "AS_Form_ceb4059fe87144029a904fc08752b4cd",
        "type": "ACTION_SEQUENCE",
        "params": [{
            "datatype": "collection",
            "name": "eventobject"
        }],
        "contextObj": {
            "name": "frmCarDetails",
            "type": "forms",
            "platform": "",
            "KUID": "bd21b621b8a54248994bc20dd544ea33"
        },
        "language": "js",
        "eventType": "postShow",
        "actions": [{
            "id": "ADD_MAPPING_h5cba62a47d0471aa86571c06f7dd927",
            "type": "ADD_MAPPING",
            "mappings": {},
            "mappingsOrder": [],
            "parentId": "_ee28095a94b94e1b8c85f1a0c55faf36",
            "enableMappingEditor": true
        }, {
            "id": "_ee28095a94b94e1b8c85f1a0c55faf36",
            "type": "IF_CONDITION",
            "conditions": [{
                "leftValueType": "navigationsource",
                "leftValue": "(this.getPreviousForm() === \"frmOnlineTest\") && this.navigationContext && this.navigationContext._meta_ && (this.navigationContext._meta_.widgetId ===  \"SegCarData\") && (this.navigationContext._meta_.eventName ===  \"onRowClick\")",
                "operator": "===",
                "rightValue": "",
                "leftItemKUID": "c471f6facc7245fbafff5b41200edda1",
                "leftWidgetKUID": "h7181df99c0a405e92d411b8558f7e1f",
                "sequenceId": "AS_Segment_j229d328a701468eb80c3ce7451cfa68",
                "eventName": "onRowClick",
                "widgetId": "SegCarData"
            }],
            "parentId": null,
            "callbackType": null,
            "criteria": "all",
            "disabled": true
        }, {
            "id": "ADD_SNIPPET_j3eb5458da654d1fb5117702d9e51351",
            "type": "ADD_SNIPPET",
            "codeSnippet": "var isLog= kony.store.getItem(\"isLogin\");\n   \nif(isLog === \"Y\")\n{\n  this.view.flxMain.Head.flxHamberger.flxLogin.btnRegistration.setVisibility(false);\n  this.view.flxMain.Head.flxHamberger.flxLogin.btnLogin.setVisibility(false);\n  this.view.flxMain.Head.flxHamberger.flxLogin.btnLogout.setVisibility(true);\n  this.view.flxMain.Head.flxHamberger.flxLogin.btnMyAccount.setVisibility(true);\n  \n//   this.view.flxMain.Head.flxHamberger.flxLogin.btnLogin.text=\"Logout\";\n//  this.view.flxMain.Head.flxHamberger.flxLogin.btnRegistration.text=\"My Account\";\n  \n  \n}\n else\n {\n this.view.flxMain.Head.flxHamberger.flxLogin.btnLogout.setVisibility(false);\n this.view.flxMain.Head.flxHamberger.flxLogin.btnMyAccount.setVisibility(false);\n this.view.flxMain.Head.flxHamberger.flxLogin.btnRegistration.setVisibility(true);\n this.view.flxMain.Head.flxHamberger.flxLogin.btnLogin.setVisibility(true);\n  \n//    this.view.flxMain.Head.flxHamberger.flxLogin.btnLogin.text=\"Login\";\n//    this.view.flxMain.Head.flxHamberger.flxLogin.btnRegistration.text=\"Register Now\";\n\n\n    }",
            "parentId": null
        }]
    }
}