{
    "AS_FlexContainer_iea4e440d0b34ccdb72b062dd0fcf39a": {
        "id": "AS_FlexContainer_iea4e440d0b34ccdb72b062dd0fcf39a",
        "type": "ACTION_SEQUENCE",
        "params": [{
            "datatype": "collection",
            "name": "eventobject"
        }],
        "contextObj": {
            "name": "frmCarDetails",
            "type": "forms",
            "platform": "",
            "KUID": "bd21b621b8a54248994bc20dd544ea33"
        },
        "language": "js",
        "eventType": "onClick",
        "actions": [{
            "id": "NAVIGATE_TO_FORM__ad18acfb14de40d2b3862196118df6f9",
            "type": "NAVIGATE_TO_FORM",
            "formId": "frmCarImages",
            "formKUID": "ccc8658c0c154233a2e9176bf063070a",
            "projectName": "RamAuctions",
            "mappings": {
                "ME_Mapping_d9fed9efd2144517b33121162b038f78": {
                    "channel": "mobile",
                    "id": "ME_Mapping_d9fed9efd2144517b33121162b038f78",
                    "type": "MAPPING",
                    "callbackType": null,
                    "rectified": true,
                    "source": {
                        "type": "Forms",
                        "propertyName": "base64",
                        "propertyKey": "img3_base64",
                        "widgetId": "img3",
                        "widgetPath": "this.view.img3",
                        "widgetType": "Image",
                        "dataType": "string",
                        "itemId": "frmCarDetails",
                        "widgetKUID": "c38b59dd274f4c959f77a87923b8094b",
                        "itemKUID": "bd21b621b8a54248994bc20dd544ea33",
                        "forkedPlatform": "all"
                    },
                    "target": {
                        "forkedPlatform": "all"
                    }
                }
            },
            "mappingsOrder": ["ME_Mapping_d9fed9efd2144517b33121162b038f78"],
            "enableMappingEditor": true,
            "package": "",
            "enableNavigationObj": true,
            "navigationObj": "{\n    \"img3_base64\": self.view.img3.base64,\n    \"_meta_\": {\n        \"eventName\": \"onClick\",\n        \"widgetId\": \"flx3\"\n    }\n}",
            "isCustomInput": false
        }]
    }
}