{
    "AS_FlexContainer_ff93e2bc130d4f89889e7511f2a9ac18": {
        "id": "AS_FlexContainer_ff93e2bc130d4f89889e7511f2a9ac18",
        "type": "ACTION_SEQUENCE",
        "params": [{
            "datatype": "collection",
            "name": "eventobject"
        }],
        "contextObj": {
            "name": "frmCarDetails",
            "type": "forms",
            "platform": "",
            "KUID": "bd21b621b8a54248994bc20dd544ea33"
        },
        "language": "js",
        "eventType": "onClick",
        "actions": [{
            "id": "NAVIGATE_TO_FORM__j71bc4c4f95b457eb14bc8a6c4e9d4a8",
            "type": "NAVIGATE_TO_FORM",
            "formId": "frmCarImages",
            "formKUID": "ccc8658c0c154233a2e9176bf063070a",
            "projectName": "RamAuctions",
            "mappings": {
                "ME_Mapping_d614b3b346554b249896a50cad35e849": {
                    "channel": "mobile",
                    "id": "ME_Mapping_d614b3b346554b249896a50cad35e849",
                    "type": "MAPPING",
                    "callbackType": null,
                    "rectified": true,
                    "source": {
                        "type": "Forms",
                        "propertyName": "base64",
                        "propertyKey": "img2_base64",
                        "widgetId": "img2",
                        "widgetPath": "this.view.img2",
                        "widgetType": "Image",
                        "dataType": "string",
                        "itemId": "frmCarDetails",
                        "widgetKUID": "e1efb1da6f15438490bf74b7481ae2c6",
                        "itemKUID": "bd21b621b8a54248994bc20dd544ea33",
                        "forkedPlatform": "all"
                    },
                    "target": {
                        "forkedPlatform": "all"
                    }
                }
            },
            "mappingsOrder": ["ME_Mapping_d614b3b346554b249896a50cad35e849"],
            "enableMappingEditor": true,
            "package": "",
            "enableNavigationObj": true,
            "navigationObj": "{\n    \"img2_base64\": self.view.img2.base64,\n    \"_meta_\": {\n        \"eventName\": \"onClick\",\n        \"widgetId\": \"flx2\"\n    }\n}",
            "isCustomInput": false
        }]
    }
}