{
    "AS_Form_g23358d883d2484193913c7a9ba2c1c3": {
        "id": "AS_Form_g23358d883d2484193913c7a9ba2c1c3",
        "type": "ACTION_SEQUENCE",
        "params": [{
            "datatype": "collection",
            "name": "eventobject"
        }],
        "contextObj": {
            "name": "frmCarDetails",
            "type": "forms",
            "platform": "",
            "KUID": "bd21b621b8a54248994bc20dd544ea33"
        },
        "language": "js",
        "eventType": "preShow",
        "actions": [{
            "id": "INVOKE_FUNCTION__f5f0a728538d4f46ba0737c83248324e",
            "type": "INVOKE_FUNCTION",
            "sequenceKUID": "OnNavigate",
            "display": "OnNavigate",
            "inputparams": [{
                "name": "eventobject"
            }],
            "parentId": null,
            "callbackType": null,
            "disabled": null,
            "source": "controller"
        }]
    }
}