{
    "AS_FlexContainer_e8ed9f7b44994990bcad2f770ae27053": {
        "id": "AS_FlexContainer_e8ed9f7b44994990bcad2f770ae27053",
        "type": "ACTION_SEQUENCE",
        "params": [{
            "datatype": "collection",
            "name": "eventobject"
        }],
        "contextObj": {
            "name": "frmCarDetails",
            "type": "forms",
            "platform": "",
            "KUID": "bd21b621b8a54248994bc20dd544ea33"
        },
        "language": "js",
        "eventType": "onClick",
        "actions": [{
            "id": "NAVIGATE_TO_FORM__c0ea0c892131457fa751a07e51db5279",
            "type": "NAVIGATE_TO_FORM",
            "formId": "frmCarImages",
            "formKUID": "ccc8658c0c154233a2e9176bf063070a",
            "projectName": "RamAuctions",
            "mappings": {
                "ME_Mapping_g95993a5fda742f190dbd174214aba3c": {
                    "channel": "mobile",
                    "id": "ME_Mapping_g95993a5fda742f190dbd174214aba3c",
                    "type": "MAPPING",
                    "callbackType": null,
                    "rectified": true,
                    "source": {
                        "type": "Forms",
                        "propertyName": "base64",
                        "propertyKey": "img4_base64",
                        "widgetId": "img4",
                        "widgetPath": "this.view.img4",
                        "widgetType": "Image",
                        "dataType": "string",
                        "itemId": "frmCarDetails",
                        "widgetKUID": "efaa0d2f5cf147ae8696f9aaa6533323",
                        "itemKUID": "bd21b621b8a54248994bc20dd544ea33",
                        "forkedPlatform": "all"
                    },
                    "target": {
                        "forkedPlatform": "all"
                    }
                }
            },
            "mappingsOrder": ["ME_Mapping_g95993a5fda742f190dbd174214aba3c"],
            "enableMappingEditor": true,
            "package": "",
            "enableNavigationObj": true,
            "navigationObj": "{\n    \"img4_base64\": self.view.img4.base64,\n    \"_meta_\": {\n        \"eventName\": \"onClick\",\n        \"widgetId\": \"flx4\"\n    }\n}",
            "isCustomInput": false
        }]
    }
}